Rounds, Target AC, STR save, Winner 
1, 5, -5, Sky Sentinel
2, 5, -5, Sky Sentinel
3, 5, -5, Fenthras
4, 5, -5, Fenthras
5, 5, -5, Fenthras
6, 5, -5, Fenthras
7, 5, -5, Fenthras
8, 5, -5, Fenthras
1, 5, -4, Sky Sentinel
2, 5, -4, Sky Sentinel
3, 5, -4, Fenthras
4, 5, -4, Fenthras
5, 5, -4, Fenthras
6, 5, -4, Fenthras
7, 5, -4, Fenthras
8, 5, -4, Fenthras
1, 5, -3, Sky Sentinel
2, 5, -3, Sky Sentinel
3, 5, -3, Fenthras
4, 5, -3, Fenthras
5, 5, -3, Fenthras
6, 5, -3, Fenthras
7, 5, -3, Fenthras
8, 5, -3, Fenthras
1, 5, -2, Sky Sentinel
2, 5, -2, Sky Sentinel
3, 5, -2, Fenthras
4, 5, -2, Fenthras
5, 5, -2, Fenthras
6, 5, -2, Fenthras
7, 5, -2, Fenthras
8, 5, -2, Fenthras
1, 5, -1, Sky Sentinel
2, 5, -1, Sky Sentinel
3, 5, -1, Fenthras
4, 5, -1, Fenthras
5, 5, -1, Fenthras
6, 5, -1, Fenthras
7, 5, -1, Fenthras
8, 5, -1, Fenthras
1, 5, 0, Sky Sentinel
2, 5, 0, Sky Sentinel
3, 5, 0, Fenthras
4, 5, 0, Fenthras
5, 5, 0, Fenthras
6, 5, 0, Fenthras
7, 5, 0, Fenthras
8, 5, 0, Fenthras
1, 5, 1, Sky Sentinel
2, 5, 1, Sky Sentinel
3, 5, 1, Fenthras
4, 5, 1, Fenthras
5, 5, 1, Fenthras
6, 5, 1, Fenthras
7, 5, 1, Fenthras
8, 5, 1, Fenthras
1, 5, 2, Sky Sentinel
2, 5, 2, Sky Sentinel
3, 5, 2, Fenthras
4, 5, 2, Fenthras
5, 5, 2, Fenthras
6, 5, 2, Fenthras
7, 5, 2, Fenthras
8, 5, 2, Fenthras
1, 5, 3, Sky Sentinel
2, 5, 3, Sky Sentinel
3, 5, 3, Fenthras
4, 5, 3, Fenthras
5, 5, 3, Fenthras
6, 5, 3, Fenthras
7, 5, 3, Fenthras
8, 5, 3, Fenthras
1, 5, 4, Sky Sentinel
2, 5, 4, Sky Sentinel
3, 5, 4, Fenthras
4, 5, 4, Fenthras
5, 5, 4, Fenthras
6, 5, 4, Fenthras
7, 5, 4, Fenthras
8, 5, 4, Fenthras
1, 5, 5, Sky Sentinel
2, 5, 5, Sky Sentinel
3, 5, 5, Fenthras
4, 5, 5, Fenthras
5, 5, 5, Fenthras
6, 5, 5, Fenthras
7, 5, 5, Fenthras
8, 5, 5, Fenthras
1, 5, 6, Sky Sentinel
2, 5, 6, Sky Sentinel
3, 5, 6, Fenthras
4, 5, 6, Fenthras
5, 5, 6, Fenthras
6, 5, 6, Fenthras
7, 5, 6, Fenthras
8, 5, 6, Fenthras
1, 5, 7, Sky Sentinel
2, 5, 7, Sky Sentinel
3, 5, 7, Fenthras
4, 5, 7, Fenthras
5, 5, 7, Fenthras
6, 5, 7, Fenthras
7, 5, 7, Fenthras
8, 5, 7, Fenthras
1, 5, 8, Sky Sentinel
2, 5, 8, Sky Sentinel
3, 5, 8, Fenthras
4, 5, 8, Fenthras
5, 5, 8, Fenthras
6, 5, 8, Fenthras
7, 5, 8, Fenthras
8, 5, 8, Fenthras
1, 5, 9, Sky Sentinel
2, 5, 9, Sky Sentinel
3, 5, 9, Fenthras
4, 5, 9, Fenthras
5, 5, 9, Fenthras
6, 5, 9, Fenthras
7, 5, 9, Fenthras
8, 5, 9, Fenthras
1, 5, 10, Sky Sentinel
2, 5, 10, Sky Sentinel
3, 5, 10, Fenthras
4, 5, 10, Fenthras
5, 5, 10, Fenthras
6, 5, 10, Fenthras
7, 5, 10, Fenthras
8, 5, 10, Fenthras
1, 5, 11, Sky Sentinel
2, 5, 11, Sky Sentinel
3, 5, 11, Fenthras
4, 5, 11, Fenthras
5, 5, 11, Fenthras
6, 5, 11, Fenthras
7, 5, 11, Fenthras
8, 5, 11, Fenthras
1, 5, 12, Sky Sentinel
2, 5, 12, Sky Sentinel
3, 5, 12, Fenthras
4, 5, 12, Fenthras
5, 5, 12, Fenthras
6, 5, 12, Fenthras
7, 5, 12, Fenthras
8, 5, 12, Fenthras
1, 5, 13, Sky Sentinel
2, 5, 13, Sky Sentinel
3, 5, 13, Fenthras
4, 5, 13, Fenthras
5, 5, 13, Fenthras
6, 5, 13, Fenthras
7, 5, 13, Fenthras
8, 5, 13, Fenthras
1, 5, 14, Sky Sentinel
2, 5, 14, Sky Sentinel
3, 5, 14, Fenthras
4, 5, 14, Fenthras
5, 5, 14, Fenthras
6, 5, 14, Fenthras
7, 5, 14, Fenthras
8, 5, 14, Fenthras
1, 5, 15, Sky Sentinel
2, 5, 15, Sky Sentinel
3, 5, 15, Fenthras
4, 5, 15, Fenthras
5, 5, 15, Fenthras
6, 5, 15, Fenthras
7, 5, 15, Fenthras
8, 5, 15, Fenthras
1, 5, 16, Sky Sentinel
2, 5, 16, Sky Sentinel
3, 5, 16, Fenthras
4, 5, 16, Fenthras
5, 5, 16, Fenthras
6, 5, 16, Fenthras
7, 5, 16, Fenthras
8, 5, 16, Fenthras
1, 5, 17, Sky Sentinel
2, 5, 17, Sky Sentinel
3, 5, 17, Fenthras
4, 5, 17, Fenthras
5, 5, 17, Fenthras
6, 5, 17, Fenthras
7, 5, 17, Fenthras
8, 5, 17, Fenthras
1, 6, -5, Sky Sentinel
2, 6, -5, Sky Sentinel
3, 6, -5, Fenthras
4, 6, -5, Fenthras
5, 6, -5, Fenthras
6, 6, -5, Fenthras
7, 6, -5, Fenthras
8, 6, -5, Fenthras
1, 6, -4, Sky Sentinel
2, 6, -4, Sky Sentinel
3, 6, -4, Fenthras
4, 6, -4, Fenthras
5, 6, -4, Fenthras
6, 6, -4, Fenthras
7, 6, -4, Fenthras
8, 6, -4, Fenthras
1, 6, -3, Sky Sentinel
2, 6, -3, Sky Sentinel
3, 6, -3, Fenthras
4, 6, -3, Fenthras
5, 6, -3, Fenthras
6, 6, -3, Fenthras
7, 6, -3, Fenthras
8, 6, -3, Fenthras
1, 6, -2, Sky Sentinel
2, 6, -2, Sky Sentinel
3, 6, -2, Fenthras
4, 6, -2, Fenthras
5, 6, -2, Fenthras
6, 6, -2, Fenthras
7, 6, -2, Fenthras
8, 6, -2, Fenthras
1, 6, -1, Sky Sentinel
2, 6, -1, Sky Sentinel
3, 6, -1, Fenthras
4, 6, -1, Fenthras
5, 6, -1, Fenthras
6, 6, -1, Fenthras
7, 6, -1, Fenthras
8, 6, -1, Fenthras
1, 6, 0, Sky Sentinel
2, 6, 0, Sky Sentinel
3, 6, 0, Fenthras
4, 6, 0, Fenthras
5, 6, 0, Fenthras
6, 6, 0, Fenthras
7, 6, 0, Fenthras
8, 6, 0, Fenthras
1, 6, 1, Sky Sentinel
2, 6, 1, Sky Sentinel
3, 6, 1, Fenthras
4, 6, 1, Fenthras
5, 6, 1, Fenthras
6, 6, 1, Fenthras
7, 6, 1, Fenthras
8, 6, 1, Fenthras
1, 6, 2, Sky Sentinel
2, 6, 2, Sky Sentinel
3, 6, 2, Fenthras
4, 6, 2, Fenthras
5, 6, 2, Fenthras
6, 6, 2, Fenthras
7, 6, 2, Fenthras
8, 6, 2, Fenthras
1, 6, 3, Sky Sentinel
2, 6, 3, Sky Sentinel
3, 6, 3, Fenthras
4, 6, 3, Fenthras
5, 6, 3, Fenthras
6, 6, 3, Fenthras
7, 6, 3, Fenthras
8, 6, 3, Fenthras
1, 6, 4, Sky Sentinel
2, 6, 4, Sky Sentinel
3, 6, 4, Fenthras
4, 6, 4, Fenthras
5, 6, 4, Fenthras
6, 6, 4, Fenthras
7, 6, 4, Fenthras
8, 6, 4, Fenthras
1, 6, 5, Sky Sentinel
2, 6, 5, Sky Sentinel
3, 6, 5, Fenthras
4, 6, 5, Fenthras
5, 6, 5, Fenthras
6, 6, 5, Fenthras
7, 6, 5, Fenthras
8, 6, 5, Fenthras
1, 6, 6, Sky Sentinel
2, 6, 6, Sky Sentinel
3, 6, 6, Fenthras
4, 6, 6, Fenthras
5, 6, 6, Fenthras
6, 6, 6, Fenthras
7, 6, 6, Fenthras
8, 6, 6, Fenthras
1, 6, 7, Sky Sentinel
2, 6, 7, Sky Sentinel
3, 6, 7, Fenthras
4, 6, 7, Fenthras
5, 6, 7, Fenthras
6, 6, 7, Fenthras
7, 6, 7, Fenthras
8, 6, 7, Fenthras
1, 6, 8, Sky Sentinel
2, 6, 8, Sky Sentinel
3, 6, 8, Fenthras
4, 6, 8, Fenthras
5, 6, 8, Fenthras
6, 6, 8, Fenthras
7, 6, 8, Fenthras
8, 6, 8, Fenthras
1, 6, 9, Sky Sentinel
2, 6, 9, Sky Sentinel
3, 6, 9, Fenthras
4, 6, 9, Fenthras
5, 6, 9, Fenthras
6, 6, 9, Fenthras
7, 6, 9, Fenthras
8, 6, 9, Fenthras
1, 6, 10, Sky Sentinel
2, 6, 10, Sky Sentinel
3, 6, 10, Fenthras
4, 6, 10, Fenthras
5, 6, 10, Fenthras
6, 6, 10, Fenthras
7, 6, 10, Fenthras
8, 6, 10, Fenthras
1, 6, 11, Sky Sentinel
2, 6, 11, Sky Sentinel
3, 6, 11, Fenthras
4, 6, 11, Fenthras
5, 6, 11, Fenthras
6, 6, 11, Fenthras
7, 6, 11, Fenthras
8, 6, 11, Fenthras
1, 6, 12, Sky Sentinel
2, 6, 12, Sky Sentinel
3, 6, 12, Fenthras
4, 6, 12, Fenthras
5, 6, 12, Fenthras
6, 6, 12, Fenthras
7, 6, 12, Fenthras
8, 6, 12, Fenthras
1, 6, 13, Sky Sentinel
2, 6, 13, Sky Sentinel
3, 6, 13, Fenthras
4, 6, 13, Fenthras
5, 6, 13, Fenthras
6, 6, 13, Fenthras
7, 6, 13, Fenthras
8, 6, 13, Fenthras
1, 6, 14, Sky Sentinel
2, 6, 14, Sky Sentinel
3, 6, 14, Fenthras
4, 6, 14, Fenthras
5, 6, 14, Fenthras
6, 6, 14, Fenthras
7, 6, 14, Fenthras
8, 6, 14, Fenthras
1, 6, 15, Sky Sentinel
2, 6, 15, Sky Sentinel
3, 6, 15, Fenthras
4, 6, 15, Fenthras
5, 6, 15, Fenthras
6, 6, 15, Fenthras
7, 6, 15, Fenthras
8, 6, 15, Fenthras
1, 6, 16, Sky Sentinel
2, 6, 16, Sky Sentinel
3, 6, 16, Fenthras
4, 6, 16, Fenthras
5, 6, 16, Fenthras
6, 6, 16, Fenthras
7, 6, 16, Fenthras
8, 6, 16, Fenthras
1, 6, 17, Sky Sentinel
2, 6, 17, Sky Sentinel
3, 6, 17, Fenthras
4, 6, 17, Fenthras
5, 6, 17, Fenthras
6, 6, 17, Fenthras
7, 6, 17, Fenthras
8, 6, 17, Fenthras
1, 7, -5, Sky Sentinel
2, 7, -5, Sky Sentinel
3, 7, -5, Fenthras
4, 7, -5, Fenthras
5, 7, -5, Fenthras
6, 7, -5, Fenthras
7, 7, -5, Fenthras
8, 7, -5, Fenthras
1, 7, -4, Sky Sentinel
2, 7, -4, Sky Sentinel
3, 7, -4, Fenthras
4, 7, -4, Fenthras
5, 7, -4, Fenthras
6, 7, -4, Fenthras
7, 7, -4, Fenthras
8, 7, -4, Fenthras
1, 7, -3, Sky Sentinel
2, 7, -3, Sky Sentinel
3, 7, -3, Fenthras
4, 7, -3, Fenthras
5, 7, -3, Fenthras
6, 7, -3, Fenthras
7, 7, -3, Fenthras
8, 7, -3, Fenthras
1, 7, -2, Sky Sentinel
2, 7, -2, Sky Sentinel
3, 7, -2, Fenthras
4, 7, -2, Fenthras
5, 7, -2, Fenthras
6, 7, -2, Fenthras
7, 7, -2, Fenthras
8, 7, -2, Fenthras
1, 7, -1, Sky Sentinel
2, 7, -1, Sky Sentinel
3, 7, -1, Fenthras
4, 7, -1, Fenthras
5, 7, -1, Fenthras
6, 7, -1, Fenthras
7, 7, -1, Fenthras
8, 7, -1, Fenthras
1, 7, 0, Sky Sentinel
2, 7, 0, Sky Sentinel
3, 7, 0, Fenthras
4, 7, 0, Fenthras
5, 7, 0, Fenthras
6, 7, 0, Fenthras
7, 7, 0, Fenthras
8, 7, 0, Fenthras
1, 7, 1, Sky Sentinel
2, 7, 1, Sky Sentinel
3, 7, 1, Fenthras
4, 7, 1, Fenthras
5, 7, 1, Fenthras
6, 7, 1, Fenthras
7, 7, 1, Fenthras
8, 7, 1, Fenthras
1, 7, 2, Sky Sentinel
2, 7, 2, Sky Sentinel
3, 7, 2, Fenthras
4, 7, 2, Fenthras
5, 7, 2, Fenthras
6, 7, 2, Fenthras
7, 7, 2, Fenthras
8, 7, 2, Fenthras
1, 7, 3, Sky Sentinel
2, 7, 3, Sky Sentinel
3, 7, 3, Fenthras
4, 7, 3, Fenthras
5, 7, 3, Fenthras
6, 7, 3, Fenthras
7, 7, 3, Fenthras
8, 7, 3, Fenthras
1, 7, 4, Sky Sentinel
2, 7, 4, Sky Sentinel
3, 7, 4, Fenthras
4, 7, 4, Fenthras
5, 7, 4, Fenthras
6, 7, 4, Fenthras
7, 7, 4, Fenthras
8, 7, 4, Fenthras
1, 7, 5, Sky Sentinel
2, 7, 5, Sky Sentinel
3, 7, 5, Fenthras
4, 7, 5, Fenthras
5, 7, 5, Fenthras
6, 7, 5, Fenthras
7, 7, 5, Fenthras
8, 7, 5, Fenthras
1, 7, 6, Sky Sentinel
2, 7, 6, Sky Sentinel
3, 7, 6, Fenthras
4, 7, 6, Fenthras
5, 7, 6, Fenthras
6, 7, 6, Fenthras
7, 7, 6, Fenthras
8, 7, 6, Fenthras
1, 7, 7, Sky Sentinel
2, 7, 7, Sky Sentinel
3, 7, 7, Fenthras
4, 7, 7, Fenthras
5, 7, 7, Fenthras
6, 7, 7, Fenthras
7, 7, 7, Fenthras
8, 7, 7, Fenthras
1, 7, 8, Sky Sentinel
2, 7, 8, Sky Sentinel
3, 7, 8, Fenthras
4, 7, 8, Fenthras
5, 7, 8, Fenthras
6, 7, 8, Fenthras
7, 7, 8, Fenthras
8, 7, 8, Fenthras
1, 7, 9, Sky Sentinel
2, 7, 9, Sky Sentinel
3, 7, 9, Fenthras
4, 7, 9, Fenthras
5, 7, 9, Fenthras
6, 7, 9, Fenthras
7, 7, 9, Fenthras
8, 7, 9, Fenthras
1, 7, 10, Sky Sentinel
2, 7, 10, Sky Sentinel
3, 7, 10, Fenthras
4, 7, 10, Fenthras
5, 7, 10, Fenthras
6, 7, 10, Fenthras
7, 7, 10, Fenthras
8, 7, 10, Fenthras
1, 7, 11, Sky Sentinel
2, 7, 11, Sky Sentinel
3, 7, 11, Fenthras
4, 7, 11, Fenthras
5, 7, 11, Fenthras
6, 7, 11, Fenthras
7, 7, 11, Fenthras
8, 7, 11, Fenthras
1, 7, 12, Sky Sentinel
2, 7, 12, Sky Sentinel
3, 7, 12, Fenthras
4, 7, 12, Fenthras
5, 7, 12, Fenthras
6, 7, 12, Fenthras
7, 7, 12, Fenthras
8, 7, 12, Fenthras
1, 7, 13, Sky Sentinel
2, 7, 13, Sky Sentinel
3, 7, 13, Fenthras
4, 7, 13, Fenthras
5, 7, 13, Fenthras
6, 7, 13, Fenthras
7, 7, 13, Fenthras
8, 7, 13, Fenthras
1, 7, 14, Sky Sentinel
2, 7, 14, Sky Sentinel
3, 7, 14, Fenthras
4, 7, 14, Fenthras
5, 7, 14, Fenthras
6, 7, 14, Fenthras
7, 7, 14, Fenthras
8, 7, 14, Fenthras
1, 7, 15, Sky Sentinel
2, 7, 15, Sky Sentinel
3, 7, 15, Fenthras
4, 7, 15, Fenthras
5, 7, 15, Fenthras
6, 7, 15, Fenthras
7, 7, 15, Fenthras
8, 7, 15, Fenthras
1, 7, 16, Sky Sentinel
2, 7, 16, Sky Sentinel
3, 7, 16, Fenthras
4, 7, 16, Fenthras
5, 7, 16, Fenthras
6, 7, 16, Fenthras
7, 7, 16, Fenthras
8, 7, 16, Fenthras
1, 7, 17, Sky Sentinel
2, 7, 17, Sky Sentinel
3, 7, 17, Fenthras
4, 7, 17, Fenthras
5, 7, 17, Fenthras
6, 7, 17, Fenthras
7, 7, 17, Fenthras
8, 7, 17, Fenthras
1, 8, -5, Sky Sentinel
2, 8, -5, Sky Sentinel
3, 8, -5, Fenthras
4, 8, -5, Fenthras
5, 8, -5, Fenthras
6, 8, -5, Fenthras
7, 8, -5, Fenthras
8, 8, -5, Fenthras
1, 8, -4, Sky Sentinel
2, 8, -4, Sky Sentinel
3, 8, -4, Fenthras
4, 8, -4, Fenthras
5, 8, -4, Fenthras
6, 8, -4, Fenthras
7, 8, -4, Fenthras
8, 8, -4, Fenthras
1, 8, -3, Sky Sentinel
2, 8, -3, Sky Sentinel
3, 8, -3, Fenthras
4, 8, -3, Fenthras
5, 8, -3, Fenthras
6, 8, -3, Fenthras
7, 8, -3, Fenthras
8, 8, -3, Fenthras
1, 8, -2, Sky Sentinel
2, 8, -2, Sky Sentinel
3, 8, -2, Fenthras
4, 8, -2, Fenthras
5, 8, -2, Fenthras
6, 8, -2, Fenthras
7, 8, -2, Fenthras
8, 8, -2, Fenthras
1, 8, -1, Sky Sentinel
2, 8, -1, Sky Sentinel
3, 8, -1, Fenthras
4, 8, -1, Fenthras
5, 8, -1, Fenthras
6, 8, -1, Fenthras
7, 8, -1, Fenthras
8, 8, -1, Fenthras
1, 8, 0, Sky Sentinel
2, 8, 0, Sky Sentinel
3, 8, 0, Fenthras
4, 8, 0, Fenthras
5, 8, 0, Fenthras
6, 8, 0, Fenthras
7, 8, 0, Fenthras
8, 8, 0, Fenthras
1, 8, 1, Sky Sentinel
2, 8, 1, Sky Sentinel
3, 8, 1, Fenthras
4, 8, 1, Fenthras
5, 8, 1, Fenthras
6, 8, 1, Fenthras
7, 8, 1, Fenthras
8, 8, 1, Fenthras
1, 8, 2, Sky Sentinel
2, 8, 2, Sky Sentinel
3, 8, 2, Fenthras
4, 8, 2, Fenthras
5, 8, 2, Fenthras
6, 8, 2, Fenthras
7, 8, 2, Fenthras
8, 8, 2, Fenthras
1, 8, 3, Sky Sentinel
2, 8, 3, Sky Sentinel
3, 8, 3, Fenthras
4, 8, 3, Fenthras
5, 8, 3, Fenthras
6, 8, 3, Fenthras
7, 8, 3, Fenthras
8, 8, 3, Fenthras
1, 8, 4, Sky Sentinel
2, 8, 4, Sky Sentinel
3, 8, 4, Fenthras
4, 8, 4, Fenthras
5, 8, 4, Fenthras
6, 8, 4, Fenthras
7, 8, 4, Fenthras
8, 8, 4, Fenthras
1, 8, 5, Sky Sentinel
2, 8, 5, Sky Sentinel
3, 8, 5, Fenthras
4, 8, 5, Fenthras
5, 8, 5, Fenthras
6, 8, 5, Fenthras
7, 8, 5, Fenthras
8, 8, 5, Fenthras
1, 8, 6, Sky Sentinel
2, 8, 6, Sky Sentinel
3, 8, 6, Fenthras
4, 8, 6, Fenthras
5, 8, 6, Fenthras
6, 8, 6, Fenthras
7, 8, 6, Fenthras
8, 8, 6, Fenthras
1, 8, 7, Sky Sentinel
2, 8, 7, Sky Sentinel
3, 8, 7, Fenthras
4, 8, 7, Fenthras
5, 8, 7, Fenthras
6, 8, 7, Fenthras
7, 8, 7, Fenthras
8, 8, 7, Fenthras
1, 8, 8, Sky Sentinel
2, 8, 8, Sky Sentinel
3, 8, 8, Fenthras
4, 8, 8, Fenthras
5, 8, 8, Fenthras
6, 8, 8, Fenthras
7, 8, 8, Fenthras
8, 8, 8, Fenthras
1, 8, 9, Sky Sentinel
2, 8, 9, Sky Sentinel
3, 8, 9, Fenthras
4, 8, 9, Fenthras
5, 8, 9, Fenthras
6, 8, 9, Fenthras
7, 8, 9, Fenthras
8, 8, 9, Fenthras
1, 8, 10, Sky Sentinel
2, 8, 10, Sky Sentinel
3, 8, 10, Fenthras
4, 8, 10, Fenthras
5, 8, 10, Fenthras
6, 8, 10, Fenthras
7, 8, 10, Fenthras
8, 8, 10, Fenthras
1, 8, 11, Sky Sentinel
2, 8, 11, Sky Sentinel
3, 8, 11, Fenthras
4, 8, 11, Fenthras
5, 8, 11, Fenthras
6, 8, 11, Fenthras
7, 8, 11, Fenthras
8, 8, 11, Fenthras
1, 8, 12, Sky Sentinel
2, 8, 12, Sky Sentinel
3, 8, 12, Fenthras
4, 8, 12, Fenthras
5, 8, 12, Fenthras
6, 8, 12, Fenthras
7, 8, 12, Fenthras
8, 8, 12, Fenthras
1, 8, 13, Sky Sentinel
2, 8, 13, Sky Sentinel
3, 8, 13, Fenthras
4, 8, 13, Fenthras
5, 8, 13, Fenthras
6, 8, 13, Fenthras
7, 8, 13, Fenthras
8, 8, 13, Fenthras
1, 8, 14, Sky Sentinel
2, 8, 14, Sky Sentinel
3, 8, 14, Fenthras
4, 8, 14, Fenthras
5, 8, 14, Fenthras
6, 8, 14, Fenthras
7, 8, 14, Fenthras
8, 8, 14, Fenthras
1, 8, 15, Sky Sentinel
2, 8, 15, Sky Sentinel
3, 8, 15, Fenthras
4, 8, 15, Fenthras
5, 8, 15, Fenthras
6, 8, 15, Fenthras
7, 8, 15, Fenthras
8, 8, 15, Fenthras
1, 8, 16, Sky Sentinel
2, 8, 16, Sky Sentinel
3, 8, 16, Fenthras
4, 8, 16, Fenthras
5, 8, 16, Fenthras
6, 8, 16, Fenthras
7, 8, 16, Fenthras
8, 8, 16, Fenthras
1, 8, 17, Sky Sentinel
2, 8, 17, Sky Sentinel
3, 8, 17, Fenthras
4, 8, 17, Fenthras
5, 8, 17, Fenthras
6, 8, 17, Fenthras
7, 8, 17, Fenthras
8, 8, 17, Fenthras
1, 9, -5, Sky Sentinel
2, 9, -5, Sky Sentinel
3, 9, -5, Fenthras
4, 9, -5, Fenthras
5, 9, -5, Fenthras
6, 9, -5, Fenthras
7, 9, -5, Fenthras
8, 9, -5, Fenthras
1, 9, -4, Sky Sentinel
2, 9, -4, Sky Sentinel
3, 9, -4, Fenthras
4, 9, -4, Fenthras
5, 9, -4, Fenthras
6, 9, -4, Fenthras
7, 9, -4, Fenthras
8, 9, -4, Fenthras
1, 9, -3, Sky Sentinel
2, 9, -3, Sky Sentinel
3, 9, -3, Fenthras
4, 9, -3, Fenthras
5, 9, -3, Fenthras
6, 9, -3, Fenthras
7, 9, -3, Fenthras
8, 9, -3, Fenthras
1, 9, -2, Sky Sentinel
2, 9, -2, Sky Sentinel
3, 9, -2, Fenthras
4, 9, -2, Fenthras
5, 9, -2, Fenthras
6, 9, -2, Fenthras
7, 9, -2, Fenthras
8, 9, -2, Fenthras
1, 9, -1, Sky Sentinel
2, 9, -1, Sky Sentinel
3, 9, -1, Fenthras
4, 9, -1, Fenthras
5, 9, -1, Fenthras
6, 9, -1, Fenthras
7, 9, -1, Fenthras
8, 9, -1, Fenthras
1, 9, 0, Sky Sentinel
2, 9, 0, Sky Sentinel
3, 9, 0, Fenthras
4, 9, 0, Fenthras
5, 9, 0, Fenthras
6, 9, 0, Fenthras
7, 9, 0, Fenthras
8, 9, 0, Fenthras
1, 9, 1, Sky Sentinel
2, 9, 1, Sky Sentinel
3, 9, 1, Fenthras
4, 9, 1, Fenthras
5, 9, 1, Fenthras
6, 9, 1, Fenthras
7, 9, 1, Fenthras
8, 9, 1, Fenthras
1, 9, 2, Sky Sentinel
2, 9, 2, Sky Sentinel
3, 9, 2, Fenthras
4, 9, 2, Fenthras
5, 9, 2, Fenthras
6, 9, 2, Fenthras
7, 9, 2, Fenthras
8, 9, 2, Fenthras
1, 9, 3, Sky Sentinel
2, 9, 3, Sky Sentinel
3, 9, 3, Fenthras
4, 9, 3, Fenthras
5, 9, 3, Fenthras
6, 9, 3, Fenthras
7, 9, 3, Fenthras
8, 9, 3, Fenthras
1, 9, 4, Sky Sentinel
2, 9, 4, Sky Sentinel
3, 9, 4, Fenthras
4, 9, 4, Fenthras
5, 9, 4, Fenthras
6, 9, 4, Fenthras
7, 9, 4, Fenthras
8, 9, 4, Fenthras
1, 9, 5, Sky Sentinel
2, 9, 5, Sky Sentinel
3, 9, 5, Fenthras
4, 9, 5, Fenthras
5, 9, 5, Fenthras
6, 9, 5, Fenthras
7, 9, 5, Fenthras
8, 9, 5, Fenthras
1, 9, 6, Sky Sentinel
2, 9, 6, Sky Sentinel
3, 9, 6, Fenthras
4, 9, 6, Fenthras
5, 9, 6, Fenthras
6, 9, 6, Fenthras
7, 9, 6, Fenthras
8, 9, 6, Fenthras
1, 9, 7, Sky Sentinel
2, 9, 7, Sky Sentinel
3, 9, 7, Fenthras
4, 9, 7, Fenthras
5, 9, 7, Fenthras
6, 9, 7, Fenthras
7, 9, 7, Fenthras
8, 9, 7, Fenthras
1, 9, 8, Sky Sentinel
2, 9, 8, Sky Sentinel
3, 9, 8, Fenthras
4, 9, 8, Fenthras
5, 9, 8, Fenthras
6, 9, 8, Fenthras
7, 9, 8, Fenthras
8, 9, 8, Fenthras
1, 9, 9, Sky Sentinel
2, 9, 9, Sky Sentinel
3, 9, 9, Fenthras
4, 9, 9, Fenthras
5, 9, 9, Fenthras
6, 9, 9, Fenthras
7, 9, 9, Fenthras
8, 9, 9, Fenthras
1, 9, 10, Sky Sentinel
2, 9, 10, Sky Sentinel
3, 9, 10, Fenthras
4, 9, 10, Fenthras
5, 9, 10, Fenthras
6, 9, 10, Fenthras
7, 9, 10, Fenthras
8, 9, 10, Fenthras
1, 9, 11, Sky Sentinel
2, 9, 11, Sky Sentinel
3, 9, 11, Fenthras
4, 9, 11, Fenthras
5, 9, 11, Fenthras
6, 9, 11, Fenthras
7, 9, 11, Fenthras
8, 9, 11, Fenthras
1, 9, 12, Sky Sentinel
2, 9, 12, Sky Sentinel
3, 9, 12, Fenthras
4, 9, 12, Fenthras
5, 9, 12, Fenthras
6, 9, 12, Fenthras
7, 9, 12, Fenthras
8, 9, 12, Fenthras
1, 9, 13, Sky Sentinel
2, 9, 13, Sky Sentinel
3, 9, 13, Fenthras
4, 9, 13, Fenthras
5, 9, 13, Fenthras
6, 9, 13, Fenthras
7, 9, 13, Fenthras
8, 9, 13, Fenthras
1, 9, 14, Sky Sentinel
2, 9, 14, Sky Sentinel
3, 9, 14, Fenthras
4, 9, 14, Fenthras
5, 9, 14, Fenthras
6, 9, 14, Fenthras
7, 9, 14, Fenthras
8, 9, 14, Fenthras
1, 9, 15, Sky Sentinel
2, 9, 15, Sky Sentinel
3, 9, 15, Fenthras
4, 9, 15, Fenthras
5, 9, 15, Fenthras
6, 9, 15, Fenthras
7, 9, 15, Fenthras
8, 9, 15, Fenthras
1, 9, 16, Sky Sentinel
2, 9, 16, Sky Sentinel
3, 9, 16, Fenthras
4, 9, 16, Fenthras
5, 9, 16, Fenthras
6, 9, 16, Fenthras
7, 9, 16, Fenthras
8, 9, 16, Fenthras
1, 9, 17, Sky Sentinel
2, 9, 17, Sky Sentinel
3, 9, 17, Fenthras
4, 9, 17, Fenthras
5, 9, 17, Fenthras
6, 9, 17, Fenthras
7, 9, 17, Fenthras
8, 9, 17, Fenthras
1, 10, -5, Sky Sentinel
2, 10, -5, Sky Sentinel
3, 10, -5, Fenthras
4, 10, -5, Fenthras
5, 10, -5, Fenthras
6, 10, -5, Fenthras
7, 10, -5, Fenthras
8, 10, -5, Fenthras
1, 10, -4, Sky Sentinel
2, 10, -4, Sky Sentinel
3, 10, -4, Fenthras
4, 10, -4, Fenthras
5, 10, -4, Fenthras
6, 10, -4, Fenthras
7, 10, -4, Fenthras
8, 10, -4, Fenthras
1, 10, -3, Sky Sentinel
2, 10, -3, Sky Sentinel
3, 10, -3, Fenthras
4, 10, -3, Fenthras
5, 10, -3, Fenthras
6, 10, -3, Fenthras
7, 10, -3, Fenthras
8, 10, -3, Fenthras
1, 10, -2, Sky Sentinel
2, 10, -2, Sky Sentinel
3, 10, -2, Fenthras
4, 10, -2, Fenthras
5, 10, -2, Fenthras
6, 10, -2, Fenthras
7, 10, -2, Fenthras
8, 10, -2, Fenthras
1, 10, -1, Sky Sentinel
2, 10, -1, Sky Sentinel
3, 10, -1, Fenthras
4, 10, -1, Fenthras
5, 10, -1, Fenthras
6, 10, -1, Fenthras
7, 10, -1, Fenthras
8, 10, -1, Fenthras
1, 10, 0, Sky Sentinel
2, 10, 0, Sky Sentinel
3, 10, 0, Fenthras
4, 10, 0, Fenthras
5, 10, 0, Fenthras
6, 10, 0, Fenthras
7, 10, 0, Fenthras
8, 10, 0, Fenthras
1, 10, 1, Sky Sentinel
2, 10, 1, Sky Sentinel
3, 10, 1, Fenthras
4, 10, 1, Fenthras
5, 10, 1, Fenthras
6, 10, 1, Fenthras
7, 10, 1, Fenthras
8, 10, 1, Fenthras
1, 10, 2, Sky Sentinel
2, 10, 2, Sky Sentinel
3, 10, 2, Fenthras
4, 10, 2, Fenthras
5, 10, 2, Fenthras
6, 10, 2, Fenthras
7, 10, 2, Fenthras
8, 10, 2, Fenthras
1, 10, 3, Sky Sentinel
2, 10, 3, Sky Sentinel
3, 10, 3, Fenthras
4, 10, 3, Fenthras
5, 10, 3, Fenthras
6, 10, 3, Fenthras
7, 10, 3, Fenthras
8, 10, 3, Fenthras
1, 10, 4, Sky Sentinel
2, 10, 4, Sky Sentinel
3, 10, 4, Fenthras
4, 10, 4, Fenthras
5, 10, 4, Fenthras
6, 10, 4, Fenthras
7, 10, 4, Fenthras
8, 10, 4, Fenthras
1, 10, 5, Sky Sentinel
2, 10, 5, Sky Sentinel
3, 10, 5, Fenthras
4, 10, 5, Fenthras
5, 10, 5, Fenthras
6, 10, 5, Fenthras
7, 10, 5, Fenthras
8, 10, 5, Fenthras
1, 10, 6, Sky Sentinel
2, 10, 6, Sky Sentinel
3, 10, 6, Fenthras
4, 10, 6, Fenthras
5, 10, 6, Fenthras
6, 10, 6, Fenthras
7, 10, 6, Fenthras
8, 10, 6, Fenthras
1, 10, 7, Sky Sentinel
2, 10, 7, Sky Sentinel
3, 10, 7, Fenthras
4, 10, 7, Fenthras
5, 10, 7, Fenthras
6, 10, 7, Fenthras
7, 10, 7, Fenthras
8, 10, 7, Fenthras
1, 10, 8, Sky Sentinel
2, 10, 8, Sky Sentinel
3, 10, 8, Fenthras
4, 10, 8, Fenthras
5, 10, 8, Fenthras
6, 10, 8, Fenthras
7, 10, 8, Fenthras
8, 10, 8, Fenthras
1, 10, 9, Sky Sentinel
2, 10, 9, Sky Sentinel
3, 10, 9, Fenthras
4, 10, 9, Fenthras
5, 10, 9, Fenthras
6, 10, 9, Fenthras
7, 10, 9, Fenthras
8, 10, 9, Fenthras
1, 10, 10, Sky Sentinel
2, 10, 10, Sky Sentinel
3, 10, 10, Fenthras
4, 10, 10, Fenthras
5, 10, 10, Fenthras
6, 10, 10, Fenthras
7, 10, 10, Fenthras
8, 10, 10, Fenthras
1, 10, 11, Sky Sentinel
2, 10, 11, Sky Sentinel
3, 10, 11, Fenthras
4, 10, 11, Fenthras
5, 10, 11, Fenthras
6, 10, 11, Fenthras
7, 10, 11, Fenthras
8, 10, 11, Fenthras
1, 10, 12, Sky Sentinel
2, 10, 12, Sky Sentinel
3, 10, 12, Fenthras
4, 10, 12, Fenthras
5, 10, 12, Fenthras
6, 10, 12, Fenthras
7, 10, 12, Fenthras
8, 10, 12, Fenthras
1, 10, 13, Sky Sentinel
2, 10, 13, Sky Sentinel
3, 10, 13, Fenthras
4, 10, 13, Fenthras
5, 10, 13, Fenthras
6, 10, 13, Fenthras
7, 10, 13, Fenthras
8, 10, 13, Fenthras
1, 10, 14, Sky Sentinel
2, 10, 14, Sky Sentinel
3, 10, 14, Fenthras
4, 10, 14, Fenthras
5, 10, 14, Fenthras
6, 10, 14, Fenthras
7, 10, 14, Fenthras
8, 10, 14, Fenthras
1, 10, 15, Sky Sentinel
2, 10, 15, Sky Sentinel
3, 10, 15, Fenthras
4, 10, 15, Fenthras
5, 10, 15, Fenthras
6, 10, 15, Fenthras
7, 10, 15, Fenthras
8, 10, 15, Fenthras
1, 10, 16, Sky Sentinel
2, 10, 16, Sky Sentinel
3, 10, 16, Fenthras
4, 10, 16, Fenthras
5, 10, 16, Fenthras
6, 10, 16, Fenthras
7, 10, 16, Fenthras
8, 10, 16, Fenthras
1, 10, 17, Sky Sentinel
2, 10, 17, Sky Sentinel
3, 10, 17, Fenthras
4, 10, 17, Fenthras
5, 10, 17, Fenthras
6, 10, 17, Fenthras
7, 10, 17, Fenthras
8, 10, 17, Fenthras
1, 11, -5, Sky Sentinel
2, 11, -5, Sky Sentinel
3, 11, -5, Fenthras
4, 11, -5, Fenthras
5, 11, -5, Fenthras
6, 11, -5, Fenthras
7, 11, -5, Fenthras
8, 11, -5, Fenthras
1, 11, -4, Sky Sentinel
2, 11, -4, Sky Sentinel
3, 11, -4, Fenthras
4, 11, -4, Fenthras
5, 11, -4, Fenthras
6, 11, -4, Fenthras
7, 11, -4, Fenthras
8, 11, -4, Fenthras
1, 11, -3, Sky Sentinel
2, 11, -3, Sky Sentinel
3, 11, -3, Fenthras
4, 11, -3, Fenthras
5, 11, -3, Fenthras
6, 11, -3, Fenthras
7, 11, -3, Fenthras
8, 11, -3, Fenthras
1, 11, -2, Sky Sentinel
2, 11, -2, Sky Sentinel
3, 11, -2, Fenthras
4, 11, -2, Fenthras
5, 11, -2, Fenthras
6, 11, -2, Fenthras
7, 11, -2, Fenthras
8, 11, -2, Fenthras
1, 11, -1, Sky Sentinel
2, 11, -1, Sky Sentinel
3, 11, -1, Fenthras
4, 11, -1, Fenthras
5, 11, -1, Fenthras
6, 11, -1, Fenthras
7, 11, -1, Fenthras
8, 11, -1, Fenthras
1, 11, 0, Sky Sentinel
2, 11, 0, Sky Sentinel
3, 11, 0, Fenthras
4, 11, 0, Fenthras
5, 11, 0, Fenthras
6, 11, 0, Fenthras
7, 11, 0, Fenthras
8, 11, 0, Fenthras
1, 11, 1, Sky Sentinel
2, 11, 1, Sky Sentinel
3, 11, 1, Fenthras
4, 11, 1, Fenthras
5, 11, 1, Fenthras
6, 11, 1, Fenthras
7, 11, 1, Fenthras
8, 11, 1, Fenthras
1, 11, 2, Sky Sentinel
2, 11, 2, Sky Sentinel
3, 11, 2, Fenthras
4, 11, 2, Fenthras
5, 11, 2, Fenthras
6, 11, 2, Fenthras
7, 11, 2, Fenthras
8, 11, 2, Fenthras
1, 11, 3, Sky Sentinel
2, 11, 3, Sky Sentinel
3, 11, 3, Fenthras
4, 11, 3, Fenthras
5, 11, 3, Fenthras
6, 11, 3, Fenthras
7, 11, 3, Fenthras
8, 11, 3, Fenthras
1, 11, 4, Sky Sentinel
2, 11, 4, Sky Sentinel
3, 11, 4, Fenthras
4, 11, 4, Fenthras
5, 11, 4, Fenthras
6, 11, 4, Fenthras
7, 11, 4, Fenthras
8, 11, 4, Fenthras
1, 11, 5, Sky Sentinel
2, 11, 5, Sky Sentinel
3, 11, 5, Fenthras
4, 11, 5, Fenthras
5, 11, 5, Fenthras
6, 11, 5, Fenthras
7, 11, 5, Fenthras
8, 11, 5, Fenthras
1, 11, 6, Sky Sentinel
2, 11, 6, Sky Sentinel
3, 11, 6, Fenthras
4, 11, 6, Fenthras
5, 11, 6, Fenthras
6, 11, 6, Fenthras
7, 11, 6, Fenthras
8, 11, 6, Fenthras
1, 11, 7, Sky Sentinel
2, 11, 7, Sky Sentinel
3, 11, 7, Fenthras
4, 11, 7, Fenthras
5, 11, 7, Fenthras
6, 11, 7, Fenthras
7, 11, 7, Fenthras
8, 11, 7, Fenthras
1, 11, 8, Sky Sentinel
2, 11, 8, Sky Sentinel
3, 11, 8, Fenthras
4, 11, 8, Fenthras
5, 11, 8, Fenthras
6, 11, 8, Fenthras
7, 11, 8, Fenthras
8, 11, 8, Fenthras
1, 11, 9, Sky Sentinel
2, 11, 9, Sky Sentinel
3, 11, 9, Fenthras
4, 11, 9, Fenthras
5, 11, 9, Fenthras
6, 11, 9, Fenthras
7, 11, 9, Fenthras
8, 11, 9, Fenthras
1, 11, 10, Sky Sentinel
2, 11, 10, Sky Sentinel
3, 11, 10, Fenthras
4, 11, 10, Fenthras
5, 11, 10, Fenthras
6, 11, 10, Fenthras
7, 11, 10, Fenthras
8, 11, 10, Fenthras
1, 11, 11, Sky Sentinel
2, 11, 11, Sky Sentinel
3, 11, 11, Fenthras
4, 11, 11, Fenthras
5, 11, 11, Fenthras
6, 11, 11, Fenthras
7, 11, 11, Fenthras
8, 11, 11, Fenthras
1, 11, 12, Sky Sentinel
2, 11, 12, Sky Sentinel
3, 11, 12, Fenthras
4, 11, 12, Fenthras
5, 11, 12, Fenthras
6, 11, 12, Fenthras
7, 11, 12, Fenthras
8, 11, 12, Fenthras
1, 11, 13, Sky Sentinel
2, 11, 13, Sky Sentinel
3, 11, 13, Fenthras
4, 11, 13, Fenthras
5, 11, 13, Fenthras
6, 11, 13, Fenthras
7, 11, 13, Fenthras
8, 11, 13, Fenthras
1, 11, 14, Sky Sentinel
2, 11, 14, Sky Sentinel
3, 11, 14, Fenthras
4, 11, 14, Fenthras
5, 11, 14, Fenthras
6, 11, 14, Fenthras
7, 11, 14, Fenthras
8, 11, 14, Fenthras
1, 11, 15, Sky Sentinel
2, 11, 15, Sky Sentinel
3, 11, 15, Fenthras
4, 11, 15, Fenthras
5, 11, 15, Fenthras
6, 11, 15, Fenthras
7, 11, 15, Fenthras
8, 11, 15, Fenthras
1, 11, 16, Sky Sentinel
2, 11, 16, Sky Sentinel
3, 11, 16, Fenthras
4, 11, 16, Fenthras
5, 11, 16, Fenthras
6, 11, 16, Fenthras
7, 11, 16, Fenthras
8, 11, 16, Fenthras
1, 11, 17, Sky Sentinel
2, 11, 17, Sky Sentinel
3, 11, 17, Fenthras
4, 11, 17, Fenthras
5, 11, 17, Fenthras
6, 11, 17, Fenthras
7, 11, 17, Fenthras
8, 11, 17, Fenthras
1, 12, -5, Sky Sentinel
2, 12, -5, Sky Sentinel
3, 12, -5, Fenthras
4, 12, -5, Fenthras
5, 12, -5, Fenthras
6, 12, -5, Fenthras
7, 12, -5, Fenthras
8, 12, -5, Fenthras
1, 12, -4, Sky Sentinel
2, 12, -4, Sky Sentinel
3, 12, -4, Fenthras
4, 12, -4, Fenthras
5, 12, -4, Fenthras
6, 12, -4, Fenthras
7, 12, -4, Fenthras
8, 12, -4, Fenthras
1, 12, -3, Sky Sentinel
2, 12, -3, Sky Sentinel
3, 12, -3, Fenthras
4, 12, -3, Fenthras
5, 12, -3, Fenthras
6, 12, -3, Fenthras
7, 12, -3, Fenthras
8, 12, -3, Fenthras
1, 12, -2, Sky Sentinel
2, 12, -2, Sky Sentinel
3, 12, -2, Fenthras
4, 12, -2, Fenthras
5, 12, -2, Fenthras
6, 12, -2, Fenthras
7, 12, -2, Fenthras
8, 12, -2, Fenthras
1, 12, -1, Sky Sentinel
2, 12, -1, Sky Sentinel
3, 12, -1, Fenthras
4, 12, -1, Fenthras
5, 12, -1, Fenthras
6, 12, -1, Fenthras
7, 12, -1, Fenthras
8, 12, -1, Fenthras
1, 12, 0, Sky Sentinel
2, 12, 0, Sky Sentinel
3, 12, 0, Fenthras
4, 12, 0, Fenthras
5, 12, 0, Fenthras
6, 12, 0, Fenthras
7, 12, 0, Fenthras
8, 12, 0, Fenthras
1, 12, 1, Sky Sentinel
2, 12, 1, Sky Sentinel
3, 12, 1, Fenthras
4, 12, 1, Fenthras
5, 12, 1, Fenthras
6, 12, 1, Fenthras
7, 12, 1, Fenthras
8, 12, 1, Fenthras
1, 12, 2, Sky Sentinel
2, 12, 2, Sky Sentinel
3, 12, 2, Fenthras
4, 12, 2, Fenthras
5, 12, 2, Fenthras
6, 12, 2, Fenthras
7, 12, 2, Fenthras
8, 12, 2, Fenthras
1, 12, 3, Sky Sentinel
2, 12, 3, Sky Sentinel
3, 12, 3, Fenthras
4, 12, 3, Fenthras
5, 12, 3, Fenthras
6, 12, 3, Fenthras
7, 12, 3, Fenthras
8, 12, 3, Fenthras
1, 12, 4, Sky Sentinel
2, 12, 4, Sky Sentinel
3, 12, 4, Fenthras
4, 12, 4, Fenthras
5, 12, 4, Fenthras
6, 12, 4, Fenthras
7, 12, 4, Fenthras
8, 12, 4, Fenthras
1, 12, 5, Sky Sentinel
2, 12, 5, Sky Sentinel
3, 12, 5, Fenthras
4, 12, 5, Fenthras
5, 12, 5, Fenthras
6, 12, 5, Fenthras
7, 12, 5, Fenthras
8, 12, 5, Fenthras
1, 12, 6, Sky Sentinel
2, 12, 6, Sky Sentinel
3, 12, 6, Fenthras
4, 12, 6, Fenthras
5, 12, 6, Fenthras
6, 12, 6, Fenthras
7, 12, 6, Fenthras
8, 12, 6, Fenthras
1, 12, 7, Sky Sentinel
2, 12, 7, Sky Sentinel
3, 12, 7, Fenthras
4, 12, 7, Fenthras
5, 12, 7, Fenthras
6, 12, 7, Fenthras
7, 12, 7, Fenthras
8, 12, 7, Fenthras
1, 12, 8, Sky Sentinel
2, 12, 8, Sky Sentinel
3, 12, 8, Fenthras
4, 12, 8, Fenthras
5, 12, 8, Fenthras
6, 12, 8, Fenthras
7, 12, 8, Fenthras
8, 12, 8, Fenthras
1, 12, 9, Sky Sentinel
2, 12, 9, Sky Sentinel
3, 12, 9, Fenthras
4, 12, 9, Fenthras
5, 12, 9, Fenthras
6, 12, 9, Fenthras
7, 12, 9, Fenthras
8, 12, 9, Fenthras
1, 12, 10, Sky Sentinel
2, 12, 10, Sky Sentinel
3, 12, 10, Fenthras
4, 12, 10, Fenthras
5, 12, 10, Fenthras
6, 12, 10, Fenthras
7, 12, 10, Fenthras
8, 12, 10, Fenthras
1, 12, 11, Sky Sentinel
2, 12, 11, Sky Sentinel
3, 12, 11, Fenthras
4, 12, 11, Fenthras
5, 12, 11, Fenthras
6, 12, 11, Fenthras
7, 12, 11, Fenthras
8, 12, 11, Fenthras
1, 12, 12, Sky Sentinel
2, 12, 12, Sky Sentinel
3, 12, 12, Fenthras
4, 12, 12, Fenthras
5, 12, 12, Fenthras
6, 12, 12, Fenthras
7, 12, 12, Fenthras
8, 12, 12, Fenthras
1, 12, 13, Sky Sentinel
2, 12, 13, Sky Sentinel
3, 12, 13, Fenthras
4, 12, 13, Fenthras
5, 12, 13, Fenthras
6, 12, 13, Fenthras
7, 12, 13, Fenthras
8, 12, 13, Fenthras
1, 12, 14, Sky Sentinel
2, 12, 14, Sky Sentinel
3, 12, 14, Fenthras
4, 12, 14, Fenthras
5, 12, 14, Fenthras
6, 12, 14, Fenthras
7, 12, 14, Fenthras
8, 12, 14, Fenthras
1, 12, 15, Sky Sentinel
2, 12, 15, Sky Sentinel
3, 12, 15, Fenthras
4, 12, 15, Fenthras
5, 12, 15, Fenthras
6, 12, 15, Fenthras
7, 12, 15, Fenthras
8, 12, 15, Fenthras
1, 12, 16, Sky Sentinel
2, 12, 16, Sky Sentinel
3, 12, 16, Fenthras
4, 12, 16, Fenthras
5, 12, 16, Fenthras
6, 12, 16, Fenthras
7, 12, 16, Fenthras
8, 12, 16, Fenthras
1, 12, 17, Sky Sentinel
2, 12, 17, Sky Sentinel
3, 12, 17, Fenthras
4, 12, 17, Fenthras
5, 12, 17, Fenthras
6, 12, 17, Fenthras
7, 12, 17, Fenthras
8, 12, 17, Fenthras
1, 13, -5, Sky Sentinel
2, 13, -5, Sky Sentinel
3, 13, -5, Fenthras
4, 13, -5, Fenthras
5, 13, -5, Fenthras
6, 13, -5, Fenthras
7, 13, -5, Fenthras
8, 13, -5, Fenthras
1, 13, -4, Sky Sentinel
2, 13, -4, Sky Sentinel
3, 13, -4, Fenthras
4, 13, -4, Fenthras
5, 13, -4, Fenthras
6, 13, -4, Fenthras
7, 13, -4, Fenthras
8, 13, -4, Fenthras
1, 13, -3, Sky Sentinel
2, 13, -3, Sky Sentinel
3, 13, -3, Fenthras
4, 13, -3, Fenthras
5, 13, -3, Fenthras
6, 13, -3, Fenthras
7, 13, -3, Fenthras
8, 13, -3, Fenthras
1, 13, -2, Sky Sentinel
2, 13, -2, Sky Sentinel
3, 13, -2, Fenthras
4, 13, -2, Fenthras
5, 13, -2, Fenthras
6, 13, -2, Fenthras
7, 13, -2, Fenthras
8, 13, -2, Fenthras
1, 13, -1, Sky Sentinel
2, 13, -1, Sky Sentinel
3, 13, -1, Fenthras
4, 13, -1, Fenthras
5, 13, -1, Fenthras
6, 13, -1, Fenthras
7, 13, -1, Fenthras
8, 13, -1, Fenthras
1, 13, 0, Sky Sentinel
2, 13, 0, Sky Sentinel
3, 13, 0, Fenthras
4, 13, 0, Fenthras
5, 13, 0, Fenthras
6, 13, 0, Fenthras
7, 13, 0, Fenthras
8, 13, 0, Fenthras
1, 13, 1, Sky Sentinel
2, 13, 1, Sky Sentinel
3, 13, 1, Fenthras
4, 13, 1, Fenthras
5, 13, 1, Fenthras
6, 13, 1, Fenthras
7, 13, 1, Fenthras
8, 13, 1, Fenthras
1, 13, 2, Sky Sentinel
2, 13, 2, Sky Sentinel
3, 13, 2, Fenthras
4, 13, 2, Fenthras
5, 13, 2, Fenthras
6, 13, 2, Fenthras
7, 13, 2, Fenthras
8, 13, 2, Fenthras
1, 13, 3, Sky Sentinel
2, 13, 3, Sky Sentinel
3, 13, 3, Fenthras
4, 13, 3, Fenthras
5, 13, 3, Fenthras
6, 13, 3, Fenthras
7, 13, 3, Fenthras
8, 13, 3, Fenthras
1, 13, 4, Sky Sentinel
2, 13, 4, Sky Sentinel
3, 13, 4, Fenthras
4, 13, 4, Fenthras
5, 13, 4, Fenthras
6, 13, 4, Fenthras
7, 13, 4, Fenthras
8, 13, 4, Fenthras
1, 13, 5, Sky Sentinel
2, 13, 5, Sky Sentinel
3, 13, 5, Fenthras
4, 13, 5, Fenthras
5, 13, 5, Fenthras
6, 13, 5, Fenthras
7, 13, 5, Fenthras
8, 13, 5, Fenthras
1, 13, 6, Sky Sentinel
2, 13, 6, Sky Sentinel
3, 13, 6, Fenthras
4, 13, 6, Fenthras
5, 13, 6, Fenthras
6, 13, 6, Fenthras
7, 13, 6, Fenthras
8, 13, 6, Fenthras
1, 13, 7, Sky Sentinel
2, 13, 7, Sky Sentinel
3, 13, 7, Fenthras
4, 13, 7, Fenthras
5, 13, 7, Fenthras
6, 13, 7, Fenthras
7, 13, 7, Fenthras
8, 13, 7, Fenthras
1, 13, 8, Sky Sentinel
2, 13, 8, Sky Sentinel
3, 13, 8, Fenthras
4, 13, 8, Fenthras
5, 13, 8, Fenthras
6, 13, 8, Fenthras
7, 13, 8, Fenthras
8, 13, 8, Fenthras
1, 13, 9, Sky Sentinel
2, 13, 9, Sky Sentinel
3, 13, 9, Fenthras
4, 13, 9, Fenthras
5, 13, 9, Fenthras
6, 13, 9, Fenthras
7, 13, 9, Fenthras
8, 13, 9, Fenthras
1, 13, 10, Sky Sentinel
2, 13, 10, Sky Sentinel
3, 13, 10, Fenthras
4, 13, 10, Fenthras
5, 13, 10, Fenthras
6, 13, 10, Fenthras
7, 13, 10, Fenthras
8, 13, 10, Fenthras
1, 13, 11, Sky Sentinel
2, 13, 11, Sky Sentinel
3, 13, 11, Fenthras
4, 13, 11, Fenthras
5, 13, 11, Fenthras
6, 13, 11, Fenthras
7, 13, 11, Fenthras
8, 13, 11, Fenthras
1, 13, 12, Sky Sentinel
2, 13, 12, Sky Sentinel
3, 13, 12, Fenthras
4, 13, 12, Fenthras
5, 13, 12, Fenthras
6, 13, 12, Fenthras
7, 13, 12, Fenthras
8, 13, 12, Fenthras
1, 13, 13, Sky Sentinel
2, 13, 13, Sky Sentinel
3, 13, 13, Fenthras
4, 13, 13, Fenthras
5, 13, 13, Fenthras
6, 13, 13, Fenthras
7, 13, 13, Fenthras
8, 13, 13, Fenthras
1, 13, 14, Sky Sentinel
2, 13, 14, Sky Sentinel
3, 13, 14, Fenthras
4, 13, 14, Fenthras
5, 13, 14, Fenthras
6, 13, 14, Fenthras
7, 13, 14, Fenthras
8, 13, 14, Fenthras
1, 13, 15, Sky Sentinel
2, 13, 15, Sky Sentinel
3, 13, 15, Fenthras
4, 13, 15, Fenthras
5, 13, 15, Fenthras
6, 13, 15, Fenthras
7, 13, 15, Fenthras
8, 13, 15, Fenthras
1, 13, 16, Sky Sentinel
2, 13, 16, Sky Sentinel
3, 13, 16, Fenthras
4, 13, 16, Fenthras
5, 13, 16, Fenthras
6, 13, 16, Fenthras
7, 13, 16, Fenthras
8, 13, 16, Fenthras
1, 13, 17, Sky Sentinel
2, 13, 17, Sky Sentinel
3, 13, 17, Fenthras
4, 13, 17, Fenthras
5, 13, 17, Fenthras
6, 13, 17, Fenthras
7, 13, 17, Fenthras
8, 13, 17, Fenthras
1, 14, -5, Sky Sentinel
2, 14, -5, Sky Sentinel
3, 14, -5, Fenthras
4, 14, -5, Fenthras
5, 14, -5, Fenthras
6, 14, -5, Fenthras
7, 14, -5, Fenthras
8, 14, -5, Fenthras
1, 14, -4, Sky Sentinel
2, 14, -4, Sky Sentinel
3, 14, -4, Fenthras
4, 14, -4, Fenthras
5, 14, -4, Fenthras
6, 14, -4, Fenthras
7, 14, -4, Fenthras
8, 14, -4, Fenthras
1, 14, -3, Sky Sentinel
2, 14, -3, Sky Sentinel
3, 14, -3, Fenthras
4, 14, -3, Fenthras
5, 14, -3, Fenthras
6, 14, -3, Fenthras
7, 14, -3, Fenthras
8, 14, -3, Fenthras
1, 14, -2, Sky Sentinel
2, 14, -2, Sky Sentinel
3, 14, -2, Fenthras
4, 14, -2, Fenthras
5, 14, -2, Fenthras
6, 14, -2, Fenthras
7, 14, -2, Fenthras
8, 14, -2, Fenthras
1, 14, -1, Sky Sentinel
2, 14, -1, Sky Sentinel
3, 14, -1, Fenthras
4, 14, -1, Fenthras
5, 14, -1, Fenthras
6, 14, -1, Fenthras
7, 14, -1, Fenthras
8, 14, -1, Fenthras
1, 14, 0, Sky Sentinel
2, 14, 0, Sky Sentinel
3, 14, 0, Fenthras
4, 14, 0, Fenthras
5, 14, 0, Fenthras
6, 14, 0, Fenthras
7, 14, 0, Fenthras
8, 14, 0, Fenthras
1, 14, 1, Sky Sentinel
2, 14, 1, Sky Sentinel
3, 14, 1, Fenthras
4, 14, 1, Fenthras
5, 14, 1, Fenthras
6, 14, 1, Fenthras
7, 14, 1, Fenthras
8, 14, 1, Fenthras
1, 14, 2, Sky Sentinel
2, 14, 2, Sky Sentinel
3, 14, 2, Fenthras
4, 14, 2, Fenthras
5, 14, 2, Fenthras
6, 14, 2, Fenthras
7, 14, 2, Fenthras
8, 14, 2, Fenthras
1, 14, 3, Sky Sentinel
2, 14, 3, Sky Sentinel
3, 14, 3, Fenthras
4, 14, 3, Fenthras
5, 14, 3, Fenthras
6, 14, 3, Fenthras
7, 14, 3, Fenthras
8, 14, 3, Fenthras
1, 14, 4, Sky Sentinel
2, 14, 4, Sky Sentinel
3, 14, 4, Fenthras
4, 14, 4, Fenthras
5, 14, 4, Fenthras
6, 14, 4, Fenthras
7, 14, 4, Fenthras
8, 14, 4, Fenthras
1, 14, 5, Sky Sentinel
2, 14, 5, Sky Sentinel
3, 14, 5, Fenthras
4, 14, 5, Fenthras
5, 14, 5, Fenthras
6, 14, 5, Fenthras
7, 14, 5, Fenthras
8, 14, 5, Fenthras
1, 14, 6, Sky Sentinel
2, 14, 6, Sky Sentinel
3, 14, 6, Fenthras
4, 14, 6, Fenthras
5, 14, 6, Fenthras
6, 14, 6, Fenthras
7, 14, 6, Fenthras
8, 14, 6, Fenthras
1, 14, 7, Sky Sentinel
2, 14, 7, Sky Sentinel
3, 14, 7, Fenthras
4, 14, 7, Fenthras
5, 14, 7, Fenthras
6, 14, 7, Fenthras
7, 14, 7, Fenthras
8, 14, 7, Fenthras
1, 14, 8, Sky Sentinel
2, 14, 8, Sky Sentinel
3, 14, 8, Fenthras
4, 14, 8, Fenthras
5, 14, 8, Fenthras
6, 14, 8, Fenthras
7, 14, 8, Fenthras
8, 14, 8, Fenthras
1, 14, 9, Sky Sentinel
2, 14, 9, Sky Sentinel
3, 14, 9, Fenthras
4, 14, 9, Fenthras
5, 14, 9, Fenthras
6, 14, 9, Fenthras
7, 14, 9, Fenthras
8, 14, 9, Fenthras
1, 14, 10, Sky Sentinel
2, 14, 10, Sky Sentinel
3, 14, 10, Fenthras
4, 14, 10, Fenthras
5, 14, 10, Fenthras
6, 14, 10, Fenthras
7, 14, 10, Fenthras
8, 14, 10, Fenthras
1, 14, 11, Sky Sentinel
2, 14, 11, Sky Sentinel
3, 14, 11, Fenthras
4, 14, 11, Fenthras
5, 14, 11, Fenthras
6, 14, 11, Fenthras
7, 14, 11, Fenthras
8, 14, 11, Fenthras
1, 14, 12, Sky Sentinel
2, 14, 12, Sky Sentinel
3, 14, 12, Fenthras
4, 14, 12, Fenthras
5, 14, 12, Fenthras
6, 14, 12, Fenthras
7, 14, 12, Fenthras
8, 14, 12, Fenthras
1, 14, 13, Sky Sentinel
2, 14, 13, Sky Sentinel
3, 14, 13, Fenthras
4, 14, 13, Fenthras
5, 14, 13, Fenthras
6, 14, 13, Fenthras
7, 14, 13, Fenthras
8, 14, 13, Fenthras
1, 14, 14, Sky Sentinel
2, 14, 14, Sky Sentinel
3, 14, 14, Fenthras
4, 14, 14, Fenthras
5, 14, 14, Fenthras
6, 14, 14, Fenthras
7, 14, 14, Fenthras
8, 14, 14, Fenthras
1, 14, 15, Sky Sentinel
2, 14, 15, Sky Sentinel
3, 14, 15, Fenthras
4, 14, 15, Fenthras
5, 14, 15, Fenthras
6, 14, 15, Fenthras
7, 14, 15, Fenthras
8, 14, 15, Fenthras
1, 14, 16, Sky Sentinel
2, 14, 16, Sky Sentinel
3, 14, 16, Fenthras
4, 14, 16, Fenthras
5, 14, 16, Fenthras
6, 14, 16, Fenthras
7, 14, 16, Fenthras
8, 14, 16, Fenthras
1, 14, 17, Sky Sentinel
2, 14, 17, Sky Sentinel
3, 14, 17, Fenthras
4, 14, 17, Fenthras
5, 14, 17, Fenthras
6, 14, 17, Fenthras
7, 14, 17, Fenthras
8, 14, 17, Fenthras
1, 15, -5, Sky Sentinel
2, 15, -5, Sky Sentinel
3, 15, -5, Fenthras
4, 15, -5, Fenthras
5, 15, -5, Fenthras
6, 15, -5, Fenthras
7, 15, -5, Fenthras
8, 15, -5, Fenthras
1, 15, -4, Sky Sentinel
2, 15, -4, Sky Sentinel
3, 15, -4, Fenthras
4, 15, -4, Fenthras
5, 15, -4, Fenthras
6, 15, -4, Fenthras
7, 15, -4, Fenthras
8, 15, -4, Fenthras
1, 15, -3, Sky Sentinel
2, 15, -3, Sky Sentinel
3, 15, -3, Fenthras
4, 15, -3, Fenthras
5, 15, -3, Fenthras
6, 15, -3, Fenthras
7, 15, -3, Fenthras
8, 15, -3, Fenthras
1, 15, -2, Sky Sentinel
2, 15, -2, Sky Sentinel
3, 15, -2, Fenthras
4, 15, -2, Fenthras
5, 15, -2, Fenthras
6, 15, -2, Fenthras
7, 15, -2, Fenthras
8, 15, -2, Fenthras
1, 15, -1, Sky Sentinel
2, 15, -1, Sky Sentinel
3, 15, -1, Fenthras
4, 15, -1, Fenthras
5, 15, -1, Fenthras
6, 15, -1, Fenthras
7, 15, -1, Fenthras
8, 15, -1, Fenthras
1, 15, 0, Sky Sentinel
2, 15, 0, Sky Sentinel
3, 15, 0, Fenthras
4, 15, 0, Fenthras
5, 15, 0, Fenthras
6, 15, 0, Fenthras
7, 15, 0, Fenthras
8, 15, 0, Fenthras
1, 15, 1, Sky Sentinel
2, 15, 1, Sky Sentinel
3, 15, 1, Fenthras
4, 15, 1, Fenthras
5, 15, 1, Fenthras
6, 15, 1, Fenthras
7, 15, 1, Fenthras
8, 15, 1, Fenthras
1, 15, 2, Sky Sentinel
2, 15, 2, Sky Sentinel
3, 15, 2, Fenthras
4, 15, 2, Fenthras
5, 15, 2, Fenthras
6, 15, 2, Fenthras
7, 15, 2, Fenthras
8, 15, 2, Fenthras
1, 15, 3, Sky Sentinel
2, 15, 3, Sky Sentinel
3, 15, 3, Fenthras
4, 15, 3, Fenthras
5, 15, 3, Fenthras
6, 15, 3, Fenthras
7, 15, 3, Fenthras
8, 15, 3, Fenthras
1, 15, 4, Sky Sentinel
2, 15, 4, Sky Sentinel
3, 15, 4, Fenthras
4, 15, 4, Fenthras
5, 15, 4, Fenthras
6, 15, 4, Fenthras
7, 15, 4, Fenthras
8, 15, 4, Fenthras
1, 15, 5, Sky Sentinel
2, 15, 5, Sky Sentinel
3, 15, 5, Fenthras
4, 15, 5, Fenthras
5, 15, 5, Fenthras
6, 15, 5, Fenthras
7, 15, 5, Fenthras
8, 15, 5, Fenthras
1, 15, 6, Sky Sentinel
2, 15, 6, Sky Sentinel
3, 15, 6, Fenthras
4, 15, 6, Fenthras
5, 15, 6, Fenthras
6, 15, 6, Fenthras
7, 15, 6, Fenthras
8, 15, 6, Fenthras
1, 15, 7, Sky Sentinel
2, 15, 7, Sky Sentinel
3, 15, 7, Fenthras
4, 15, 7, Fenthras
5, 15, 7, Fenthras
6, 15, 7, Fenthras
7, 15, 7, Fenthras
8, 15, 7, Fenthras
1, 15, 8, Sky Sentinel
2, 15, 8, Sky Sentinel
3, 15, 8, Fenthras
4, 15, 8, Fenthras
5, 15, 8, Fenthras
6, 15, 8, Fenthras
7, 15, 8, Fenthras
8, 15, 8, Fenthras
1, 15, 9, Sky Sentinel
2, 15, 9, Sky Sentinel
3, 15, 9, Fenthras
4, 15, 9, Fenthras
5, 15, 9, Fenthras
6, 15, 9, Fenthras
7, 15, 9, Fenthras
8, 15, 9, Fenthras
1, 15, 10, Sky Sentinel
2, 15, 10, Sky Sentinel
3, 15, 10, Fenthras
4, 15, 10, Fenthras
5, 15, 10, Fenthras
6, 15, 10, Fenthras
7, 15, 10, Fenthras
8, 15, 10, Fenthras
1, 15, 11, Sky Sentinel
2, 15, 11, Sky Sentinel
3, 15, 11, Fenthras
4, 15, 11, Fenthras
5, 15, 11, Fenthras
6, 15, 11, Fenthras
7, 15, 11, Fenthras
8, 15, 11, Fenthras
1, 15, 12, Sky Sentinel
2, 15, 12, Sky Sentinel
3, 15, 12, Fenthras
4, 15, 12, Fenthras
5, 15, 12, Fenthras
6, 15, 12, Fenthras
7, 15, 12, Fenthras
8, 15, 12, Fenthras
1, 15, 13, Sky Sentinel
2, 15, 13, Sky Sentinel
3, 15, 13, Fenthras
4, 15, 13, Fenthras
5, 15, 13, Fenthras
6, 15, 13, Fenthras
7, 15, 13, Fenthras
8, 15, 13, Fenthras
1, 15, 14, Sky Sentinel
2, 15, 14, Sky Sentinel
3, 15, 14, Fenthras
4, 15, 14, Fenthras
5, 15, 14, Fenthras
6, 15, 14, Fenthras
7, 15, 14, Fenthras
8, 15, 14, Fenthras
1, 15, 15, Sky Sentinel
2, 15, 15, Sky Sentinel
3, 15, 15, Fenthras
4, 15, 15, Fenthras
5, 15, 15, Fenthras
6, 15, 15, Fenthras
7, 15, 15, Fenthras
8, 15, 15, Fenthras
1, 15, 16, Sky Sentinel
2, 15, 16, Sky Sentinel
3, 15, 16, Fenthras
4, 15, 16, Fenthras
5, 15, 16, Fenthras
6, 15, 16, Fenthras
7, 15, 16, Fenthras
8, 15, 16, Fenthras
1, 15, 17, Sky Sentinel
2, 15, 17, Sky Sentinel
3, 15, 17, Fenthras
4, 15, 17, Fenthras
5, 15, 17, Fenthras
6, 15, 17, Fenthras
7, 15, 17, Fenthras
8, 15, 17, Fenthras
1, 16, -5, Sky Sentinel
2, 16, -5, Sky Sentinel
3, 16, -5, Fenthras
4, 16, -5, Fenthras
5, 16, -5, Fenthras
6, 16, -5, Fenthras
7, 16, -5, Fenthras
8, 16, -5, Fenthras
1, 16, -4, Sky Sentinel
2, 16, -4, Sky Sentinel
3, 16, -4, Fenthras
4, 16, -4, Fenthras
5, 16, -4, Fenthras
6, 16, -4, Fenthras
7, 16, -4, Fenthras
8, 16, -4, Fenthras
1, 16, -3, Sky Sentinel
2, 16, -3, Sky Sentinel
3, 16, -3, Fenthras
4, 16, -3, Fenthras
5, 16, -3, Fenthras
6, 16, -3, Fenthras
7, 16, -3, Fenthras
8, 16, -3, Fenthras
1, 16, -2, Sky Sentinel
2, 16, -2, Sky Sentinel
3, 16, -2, Fenthras
4, 16, -2, Fenthras
5, 16, -2, Fenthras
6, 16, -2, Fenthras
7, 16, -2, Fenthras
8, 16, -2, Fenthras
1, 16, -1, Sky Sentinel
2, 16, -1, Sky Sentinel
3, 16, -1, Fenthras
4, 16, -1, Fenthras
5, 16, -1, Fenthras
6, 16, -1, Fenthras
7, 16, -1, Fenthras
8, 16, -1, Fenthras
1, 16, 0, Sky Sentinel
2, 16, 0, Sky Sentinel
3, 16, 0, Fenthras
4, 16, 0, Fenthras
5, 16, 0, Fenthras
6, 16, 0, Fenthras
7, 16, 0, Fenthras
8, 16, 0, Fenthras
1, 16, 1, Sky Sentinel
2, 16, 1, Sky Sentinel
3, 16, 1, Fenthras
4, 16, 1, Fenthras
5, 16, 1, Fenthras
6, 16, 1, Fenthras
7, 16, 1, Fenthras
8, 16, 1, Fenthras
1, 16, 2, Sky Sentinel
2, 16, 2, Sky Sentinel
3, 16, 2, Fenthras
4, 16, 2, Fenthras
5, 16, 2, Fenthras
6, 16, 2, Fenthras
7, 16, 2, Fenthras
8, 16, 2, Fenthras
1, 16, 3, Sky Sentinel
2, 16, 3, Sky Sentinel
3, 16, 3, Fenthras
4, 16, 3, Fenthras
5, 16, 3, Fenthras
6, 16, 3, Fenthras
7, 16, 3, Fenthras
8, 16, 3, Fenthras
1, 16, 4, Sky Sentinel
2, 16, 4, Sky Sentinel
3, 16, 4, Fenthras
4, 16, 4, Fenthras
5, 16, 4, Fenthras
6, 16, 4, Fenthras
7, 16, 4, Fenthras
8, 16, 4, Fenthras
1, 16, 5, Sky Sentinel
2, 16, 5, Sky Sentinel
3, 16, 5, Fenthras
4, 16, 5, Fenthras
5, 16, 5, Fenthras
6, 16, 5, Fenthras
7, 16, 5, Fenthras
8, 16, 5, Fenthras
1, 16, 6, Sky Sentinel
2, 16, 6, Sky Sentinel
3, 16, 6, Fenthras
4, 16, 6, Fenthras
5, 16, 6, Fenthras
6, 16, 6, Fenthras
7, 16, 6, Fenthras
8, 16, 6, Fenthras
1, 16, 7, Sky Sentinel
2, 16, 7, Sky Sentinel
3, 16, 7, Fenthras
4, 16, 7, Fenthras
5, 16, 7, Fenthras
6, 16, 7, Fenthras
7, 16, 7, Fenthras
8, 16, 7, Fenthras
1, 16, 8, Sky Sentinel
2, 16, 8, Sky Sentinel
3, 16, 8, Fenthras
4, 16, 8, Fenthras
5, 16, 8, Fenthras
6, 16, 8, Fenthras
7, 16, 8, Fenthras
8, 16, 8, Fenthras
1, 16, 9, Sky Sentinel
2, 16, 9, Sky Sentinel
3, 16, 9, Fenthras
4, 16, 9, Fenthras
5, 16, 9, Fenthras
6, 16, 9, Fenthras
7, 16, 9, Fenthras
8, 16, 9, Fenthras
1, 16, 10, Sky Sentinel
2, 16, 10, Sky Sentinel
3, 16, 10, Fenthras
4, 16, 10, Fenthras
5, 16, 10, Fenthras
6, 16, 10, Fenthras
7, 16, 10, Fenthras
8, 16, 10, Fenthras
1, 16, 11, Sky Sentinel
2, 16, 11, Sky Sentinel
3, 16, 11, Fenthras
4, 16, 11, Fenthras
5, 16, 11, Fenthras
6, 16, 11, Fenthras
7, 16, 11, Fenthras
8, 16, 11, Fenthras
1, 16, 12, Sky Sentinel
2, 16, 12, Sky Sentinel
3, 16, 12, Fenthras
4, 16, 12, Fenthras
5, 16, 12, Fenthras
6, 16, 12, Fenthras
7, 16, 12, Fenthras
8, 16, 12, Fenthras
1, 16, 13, Sky Sentinel
2, 16, 13, Sky Sentinel
3, 16, 13, Fenthras
4, 16, 13, Fenthras
5, 16, 13, Fenthras
6, 16, 13, Fenthras
7, 16, 13, Fenthras
8, 16, 13, Fenthras
1, 16, 14, Sky Sentinel
2, 16, 14, Sky Sentinel
3, 16, 14, Fenthras
4, 16, 14, Fenthras
5, 16, 14, Fenthras
6, 16, 14, Fenthras
7, 16, 14, Fenthras
8, 16, 14, Fenthras
1, 16, 15, Sky Sentinel
2, 16, 15, Sky Sentinel
3, 16, 15, Fenthras
4, 16, 15, Fenthras
5, 16, 15, Fenthras
6, 16, 15, Fenthras
7, 16, 15, Fenthras
8, 16, 15, Fenthras
1, 16, 16, Sky Sentinel
2, 16, 16, Sky Sentinel
3, 16, 16, Fenthras
4, 16, 16, Fenthras
5, 16, 16, Fenthras
6, 16, 16, Fenthras
7, 16, 16, Fenthras
8, 16, 16, Fenthras
1, 16, 17, Sky Sentinel
2, 16, 17, Sky Sentinel
3, 16, 17, Fenthras
4, 16, 17, Fenthras
5, 16, 17, Fenthras
6, 16, 17, Fenthras
7, 16, 17, Fenthras
8, 16, 17, Fenthras
1, 17, -5, Sky Sentinel
2, 17, -5, Fenthras
3, 17, -5, Fenthras
4, 17, -5, Fenthras
5, 17, -5, Fenthras
6, 17, -5, Fenthras
7, 17, -5, Fenthras
8, 17, -5, Fenthras
1, 17, -4, Sky Sentinel
2, 17, -4, Fenthras
3, 17, -4, Fenthras
4, 17, -4, Fenthras
5, 17, -4, Fenthras
6, 17, -4, Fenthras
7, 17, -4, Fenthras
8, 17, -4, Fenthras
1, 17, -3, Sky Sentinel
2, 17, -3, Fenthras
3, 17, -3, Fenthras
4, 17, -3, Fenthras
5, 17, -3, Fenthras
6, 17, -3, Fenthras
7, 17, -3, Fenthras
8, 17, -3, Fenthras
1, 17, -2, Sky Sentinel
2, 17, -2, Fenthras
3, 17, -2, Fenthras
4, 17, -2, Fenthras
5, 17, -2, Fenthras
6, 17, -2, Fenthras
7, 17, -2, Fenthras
8, 17, -2, Fenthras
1, 17, -1, Sky Sentinel
2, 17, -1, Fenthras
3, 17, -1, Fenthras
4, 17, -1, Fenthras
5, 17, -1, Fenthras
6, 17, -1, Fenthras
7, 17, -1, Fenthras
8, 17, -1, Fenthras
1, 17, 0, Sky Sentinel
2, 17, 0, Sky Sentinel
3, 17, 0, Fenthras
4, 17, 0, Fenthras
5, 17, 0, Fenthras
6, 17, 0, Fenthras
7, 17, 0, Fenthras
8, 17, 0, Fenthras
1, 17, 1, Sky Sentinel
2, 17, 1, Sky Sentinel
3, 17, 1, Fenthras
4, 17, 1, Fenthras
5, 17, 1, Fenthras
6, 17, 1, Fenthras
7, 17, 1, Fenthras
8, 17, 1, Fenthras
1, 17, 2, Sky Sentinel
2, 17, 2, Sky Sentinel
3, 17, 2, Fenthras
4, 17, 2, Fenthras
5, 17, 2, Fenthras
6, 17, 2, Fenthras
7, 17, 2, Fenthras
8, 17, 2, Fenthras
1, 17, 3, Sky Sentinel
2, 17, 3, Sky Sentinel
3, 17, 3, Fenthras
4, 17, 3, Fenthras
5, 17, 3, Fenthras
6, 17, 3, Fenthras
7, 17, 3, Fenthras
8, 17, 3, Fenthras
1, 17, 4, Sky Sentinel
2, 17, 4, Sky Sentinel
3, 17, 4, Fenthras
4, 17, 4, Fenthras
5, 17, 4, Fenthras
6, 17, 4, Fenthras
7, 17, 4, Fenthras
8, 17, 4, Fenthras
1, 17, 5, Sky Sentinel
2, 17, 5, Sky Sentinel
3, 17, 5, Fenthras
4, 17, 5, Fenthras
5, 17, 5, Fenthras
6, 17, 5, Fenthras
7, 17, 5, Fenthras
8, 17, 5, Fenthras
1, 17, 6, Sky Sentinel
2, 17, 6, Sky Sentinel
3, 17, 6, Fenthras
4, 17, 6, Fenthras
5, 17, 6, Fenthras
6, 17, 6, Fenthras
7, 17, 6, Fenthras
8, 17, 6, Fenthras
1, 17, 7, Sky Sentinel
2, 17, 7, Sky Sentinel
3, 17, 7, Fenthras
4, 17, 7, Fenthras
5, 17, 7, Fenthras
6, 17, 7, Fenthras
7, 17, 7, Fenthras
8, 17, 7, Fenthras
1, 17, 8, Sky Sentinel
2, 17, 8, Sky Sentinel
3, 17, 8, Fenthras
4, 17, 8, Fenthras
5, 17, 8, Fenthras
6, 17, 8, Fenthras
7, 17, 8, Fenthras
8, 17, 8, Fenthras
1, 17, 9, Sky Sentinel
2, 17, 9, Sky Sentinel
3, 17, 9, Fenthras
4, 17, 9, Fenthras
5, 17, 9, Fenthras
6, 17, 9, Fenthras
7, 17, 9, Fenthras
8, 17, 9, Fenthras
1, 17, 10, Sky Sentinel
2, 17, 10, Sky Sentinel
3, 17, 10, Fenthras
4, 17, 10, Fenthras
5, 17, 10, Fenthras
6, 17, 10, Fenthras
7, 17, 10, Fenthras
8, 17, 10, Fenthras
1, 17, 11, Sky Sentinel
2, 17, 11, Sky Sentinel
3, 17, 11, Fenthras
4, 17, 11, Fenthras
5, 17, 11, Fenthras
6, 17, 11, Fenthras
7, 17, 11, Fenthras
8, 17, 11, Fenthras
1, 17, 12, Sky Sentinel
2, 17, 12, Sky Sentinel
3, 17, 12, Fenthras
4, 17, 12, Fenthras
5, 17, 12, Fenthras
6, 17, 12, Fenthras
7, 17, 12, Fenthras
8, 17, 12, Fenthras
1, 17, 13, Sky Sentinel
2, 17, 13, Sky Sentinel
3, 17, 13, Fenthras
4, 17, 13, Fenthras
5, 17, 13, Fenthras
6, 17, 13, Fenthras
7, 17, 13, Fenthras
8, 17, 13, Fenthras
1, 17, 14, Sky Sentinel
2, 17, 14, Sky Sentinel
3, 17, 14, Fenthras
4, 17, 14, Fenthras
5, 17, 14, Fenthras
6, 17, 14, Fenthras
7, 17, 14, Fenthras
8, 17, 14, Fenthras
1, 17, 15, Sky Sentinel
2, 17, 15, Sky Sentinel
3, 17, 15, Fenthras
4, 17, 15, Fenthras
5, 17, 15, Fenthras
6, 17, 15, Fenthras
7, 17, 15, Fenthras
8, 17, 15, Fenthras
1, 17, 16, Sky Sentinel
2, 17, 16, Sky Sentinel
3, 17, 16, Fenthras
4, 17, 16, Fenthras
5, 17, 16, Fenthras
6, 17, 16, Fenthras
7, 17, 16, Fenthras
8, 17, 16, Fenthras
1, 17, 17, Sky Sentinel
2, 17, 17, Sky Sentinel
3, 17, 17, Fenthras
4, 17, 17, Fenthras
5, 17, 17, Fenthras
6, 17, 17, Fenthras
7, 17, 17, Fenthras
8, 17, 17, Fenthras
1, 18, -5, Sky Sentinel
2, 18, -5, Fenthras
3, 18, -5, Fenthras
4, 18, -5, Fenthras
5, 18, -5, Fenthras
6, 18, -5, Fenthras
7, 18, -5, Fenthras
8, 18, -5, Fenthras
1, 18, -4, Sky Sentinel
2, 18, -4, Fenthras
3, 18, -4, Fenthras
4, 18, -4, Fenthras
5, 18, -4, Fenthras
6, 18, -4, Fenthras
7, 18, -4, Fenthras
8, 18, -4, Fenthras
1, 18, -3, Sky Sentinel
2, 18, -3, Fenthras
3, 18, -3, Fenthras
4, 18, -3, Fenthras
5, 18, -3, Fenthras
6, 18, -3, Fenthras
7, 18, -3, Fenthras
8, 18, -3, Fenthras
1, 18, -2, Sky Sentinel
2, 18, -2, Fenthras
3, 18, -2, Fenthras
4, 18, -2, Fenthras
5, 18, -2, Fenthras
6, 18, -2, Fenthras
7, 18, -2, Fenthras
8, 18, -2, Fenthras
1, 18, -1, Sky Sentinel
2, 18, -1, Fenthras
3, 18, -1, Fenthras
4, 18, -1, Fenthras
5, 18, -1, Fenthras
6, 18, -1, Fenthras
7, 18, -1, Fenthras
8, 18, -1, Fenthras
1, 18, 0, Sky Sentinel
2, 18, 0, Fenthras
3, 18, 0, Fenthras
4, 18, 0, Fenthras
5, 18, 0, Fenthras
6, 18, 0, Fenthras
7, 18, 0, Fenthras
8, 18, 0, Fenthras
1, 18, 1, Sky Sentinel
2, 18, 1, Fenthras
3, 18, 1, Fenthras
4, 18, 1, Fenthras
5, 18, 1, Fenthras
6, 18, 1, Fenthras
7, 18, 1, Fenthras
8, 18, 1, Fenthras
1, 18, 2, Sky Sentinel
2, 18, 2, Fenthras
3, 18, 2, Fenthras
4, 18, 2, Fenthras
5, 18, 2, Fenthras
6, 18, 2, Fenthras
7, 18, 2, Fenthras
8, 18, 2, Fenthras
1, 18, 3, Sky Sentinel
2, 18, 3, Fenthras
3, 18, 3, Fenthras
4, 18, 3, Fenthras
5, 18, 3, Fenthras
6, 18, 3, Fenthras
7, 18, 3, Fenthras
8, 18, 3, Fenthras
1, 18, 4, Sky Sentinel
2, 18, 4, Fenthras
3, 18, 4, Fenthras
4, 18, 4, Fenthras
5, 18, 4, Fenthras
6, 18, 4, Fenthras
7, 18, 4, Fenthras
8, 18, 4, Fenthras
1, 18, 5, Sky Sentinel
2, 18, 5, Sky Sentinel
3, 18, 5, Fenthras
4, 18, 5, Fenthras
5, 18, 5, Fenthras
6, 18, 5, Fenthras
7, 18, 5, Fenthras
8, 18, 5, Fenthras
1, 18, 6, Sky Sentinel
2, 18, 6, Sky Sentinel
3, 18, 6, Fenthras
4, 18, 6, Fenthras
5, 18, 6, Fenthras
6, 18, 6, Fenthras
7, 18, 6, Fenthras
8, 18, 6, Fenthras
1, 18, 7, Sky Sentinel
2, 18, 7, Sky Sentinel
3, 18, 7, Fenthras
4, 18, 7, Fenthras
5, 18, 7, Fenthras
6, 18, 7, Fenthras
7, 18, 7, Fenthras
8, 18, 7, Fenthras
1, 18, 8, Sky Sentinel
2, 18, 8, Sky Sentinel
3, 18, 8, Fenthras
4, 18, 8, Fenthras
5, 18, 8, Fenthras
6, 18, 8, Fenthras
7, 18, 8, Fenthras
8, 18, 8, Fenthras
1, 18, 9, Sky Sentinel
2, 18, 9, Sky Sentinel
3, 18, 9, Fenthras
4, 18, 9, Fenthras
5, 18, 9, Fenthras
6, 18, 9, Fenthras
7, 18, 9, Fenthras
8, 18, 9, Fenthras
1, 18, 10, Sky Sentinel
2, 18, 10, Sky Sentinel
3, 18, 10, Fenthras
4, 18, 10, Fenthras
5, 18, 10, Fenthras
6, 18, 10, Fenthras
7, 18, 10, Fenthras
8, 18, 10, Fenthras
1, 18, 11, Sky Sentinel
2, 18, 11, Sky Sentinel
3, 18, 11, Fenthras
4, 18, 11, Fenthras
5, 18, 11, Fenthras
6, 18, 11, Fenthras
7, 18, 11, Fenthras
8, 18, 11, Fenthras
1, 18, 12, Sky Sentinel
2, 18, 12, Sky Sentinel
3, 18, 12, Fenthras
4, 18, 12, Fenthras
5, 18, 12, Fenthras
6, 18, 12, Fenthras
7, 18, 12, Fenthras
8, 18, 12, Fenthras
1, 18, 13, Sky Sentinel
2, 18, 13, Sky Sentinel
3, 18, 13, Fenthras
4, 18, 13, Fenthras
5, 18, 13, Fenthras
6, 18, 13, Fenthras
7, 18, 13, Fenthras
8, 18, 13, Fenthras
1, 18, 14, Sky Sentinel
2, 18, 14, Sky Sentinel
3, 18, 14, Fenthras
4, 18, 14, Fenthras
5, 18, 14, Fenthras
6, 18, 14, Fenthras
7, 18, 14, Fenthras
8, 18, 14, Fenthras
1, 18, 15, Sky Sentinel
2, 18, 15, Sky Sentinel
3, 18, 15, Fenthras
4, 18, 15, Fenthras
5, 18, 15, Fenthras
6, 18, 15, Fenthras
7, 18, 15, Fenthras
8, 18, 15, Fenthras
1, 18, 16, Sky Sentinel
2, 18, 16, Sky Sentinel
3, 18, 16, Fenthras
4, 18, 16, Fenthras
5, 18, 16, Fenthras
6, 18, 16, Fenthras
7, 18, 16, Fenthras
8, 18, 16, Fenthras
1, 18, 17, Sky Sentinel
2, 18, 17, Sky Sentinel
3, 18, 17, Fenthras
4, 18, 17, Fenthras
5, 18, 17, Fenthras
6, 18, 17, Fenthras
7, 18, 17, Fenthras
8, 18, 17, Fenthras
1, 19, -5, Sky Sentinel
2, 19, -5, Fenthras
3, 19, -5, Fenthras
4, 19, -5, Fenthras
5, 19, -5, Fenthras
6, 19, -5, Fenthras
7, 19, -5, Fenthras
8, 19, -5, Fenthras
1, 19, -4, Sky Sentinel
2, 19, -4, Fenthras
3, 19, -4, Fenthras
4, 19, -4, Fenthras
5, 19, -4, Fenthras
6, 19, -4, Fenthras
7, 19, -4, Fenthras
8, 19, -4, Fenthras
1, 19, -3, Sky Sentinel
2, 19, -3, Fenthras
3, 19, -3, Fenthras
4, 19, -3, Fenthras
5, 19, -3, Fenthras
6, 19, -3, Fenthras
7, 19, -3, Fenthras
8, 19, -3, Fenthras
1, 19, -2, Sky Sentinel
2, 19, -2, Fenthras
3, 19, -2, Fenthras
4, 19, -2, Fenthras
5, 19, -2, Fenthras
6, 19, -2, Fenthras
7, 19, -2, Fenthras
8, 19, -2, Fenthras
1, 19, -1, Sky Sentinel
2, 19, -1, Fenthras
3, 19, -1, Fenthras
4, 19, -1, Fenthras
5, 19, -1, Fenthras
6, 19, -1, Fenthras
7, 19, -1, Fenthras
8, 19, -1, Fenthras
1, 19, 0, Sky Sentinel
2, 19, 0, Fenthras
3, 19, 0, Fenthras
4, 19, 0, Fenthras
5, 19, 0, Fenthras
6, 19, 0, Fenthras
7, 19, 0, Fenthras
8, 19, 0, Fenthras
1, 19, 1, Sky Sentinel
2, 19, 1, Fenthras
3, 19, 1, Fenthras
4, 19, 1, Fenthras
5, 19, 1, Fenthras
6, 19, 1, Fenthras
7, 19, 1, Fenthras
8, 19, 1, Fenthras
1, 19, 2, Sky Sentinel
2, 19, 2, Fenthras
3, 19, 2, Fenthras
4, 19, 2, Fenthras
5, 19, 2, Fenthras
6, 19, 2, Fenthras
7, 19, 2, Fenthras
8, 19, 2, Fenthras
1, 19, 3, Sky Sentinel
2, 19, 3, Fenthras
3, 19, 3, Fenthras
4, 19, 3, Fenthras
5, 19, 3, Fenthras
6, 19, 3, Fenthras
7, 19, 3, Fenthras
8, 19, 3, Fenthras
1, 19, 4, Sky Sentinel
2, 19, 4, Fenthras
3, 19, 4, Fenthras
4, 19, 4, Fenthras
5, 19, 4, Fenthras
6, 19, 4, Fenthras
7, 19, 4, Fenthras
8, 19, 4, Fenthras
1, 19, 5, Sky Sentinel
2, 19, 5, Fenthras
3, 19, 5, Fenthras
4, 19, 5, Fenthras
5, 19, 5, Fenthras
6, 19, 5, Fenthras
7, 19, 5, Fenthras
8, 19, 5, Fenthras
1, 19, 6, Sky Sentinel
2, 19, 6, Fenthras
3, 19, 6, Fenthras
4, 19, 6, Fenthras
5, 19, 6, Fenthras
6, 19, 6, Fenthras
7, 19, 6, Fenthras
8, 19, 6, Fenthras
1, 19, 7, Sky Sentinel
2, 19, 7, Fenthras
3, 19, 7, Fenthras
4, 19, 7, Fenthras
5, 19, 7, Fenthras
6, 19, 7, Fenthras
7, 19, 7, Fenthras
8, 19, 7, Fenthras
1, 19, 8, Sky Sentinel
2, 19, 8, Sky Sentinel
3, 19, 8, Fenthras
4, 19, 8, Fenthras
5, 19, 8, Fenthras
6, 19, 8, Fenthras
7, 19, 8, Fenthras
8, 19, 8, Fenthras
1, 19, 9, Sky Sentinel
2, 19, 9, Sky Sentinel
3, 19, 9, Fenthras
4, 19, 9, Fenthras
5, 19, 9, Fenthras
6, 19, 9, Fenthras
7, 19, 9, Fenthras
8, 19, 9, Fenthras
1, 19, 10, Sky Sentinel
2, 19, 10, Sky Sentinel
3, 19, 10, Fenthras
4, 19, 10, Fenthras
5, 19, 10, Fenthras
6, 19, 10, Fenthras
7, 19, 10, Fenthras
8, 19, 10, Fenthras
1, 19, 11, Sky Sentinel
2, 19, 11, Sky Sentinel
3, 19, 11, Fenthras
4, 19, 11, Fenthras
5, 19, 11, Fenthras
6, 19, 11, Fenthras
7, 19, 11, Fenthras
8, 19, 11, Fenthras
1, 19, 12, Sky Sentinel
2, 19, 12, Sky Sentinel
3, 19, 12, Fenthras
4, 19, 12, Fenthras
5, 19, 12, Fenthras
6, 19, 12, Fenthras
7, 19, 12, Fenthras
8, 19, 12, Fenthras
1, 19, 13, Sky Sentinel
2, 19, 13, Sky Sentinel
3, 19, 13, Fenthras
4, 19, 13, Fenthras
5, 19, 13, Fenthras
6, 19, 13, Fenthras
7, 19, 13, Fenthras
8, 19, 13, Fenthras
1, 19, 14, Sky Sentinel
2, 19, 14, Sky Sentinel
3, 19, 14, Fenthras
4, 19, 14, Fenthras
5, 19, 14, Fenthras
6, 19, 14, Fenthras
7, 19, 14, Fenthras
8, 19, 14, Fenthras
1, 19, 15, Sky Sentinel
2, 19, 15, Sky Sentinel
3, 19, 15, Fenthras
4, 19, 15, Fenthras
5, 19, 15, Fenthras
6, 19, 15, Fenthras
7, 19, 15, Fenthras
8, 19, 15, Fenthras
1, 19, 16, Sky Sentinel
2, 19, 16, Sky Sentinel
3, 19, 16, Fenthras
4, 19, 16, Fenthras
5, 19, 16, Fenthras
6, 19, 16, Fenthras
7, 19, 16, Fenthras
8, 19, 16, Fenthras
1, 19, 17, Sky Sentinel
2, 19, 17, Sky Sentinel
3, 19, 17, Fenthras
4, 19, 17, Fenthras
5, 19, 17, Fenthras
6, 19, 17, Fenthras
7, 19, 17, Fenthras
8, 19, 17, Fenthras
1, 20, -5, Sky Sentinel
2, 20, -5, Fenthras
3, 20, -5, Fenthras
4, 20, -5, Fenthras
5, 20, -5, Fenthras
6, 20, -5, Fenthras
7, 20, -5, Fenthras
8, 20, -5, Fenthras
1, 20, -4, Sky Sentinel
2, 20, -4, Fenthras
3, 20, -4, Fenthras
4, 20, -4, Fenthras
5, 20, -4, Fenthras
6, 20, -4, Fenthras
7, 20, -4, Fenthras
8, 20, -4, Fenthras
1, 20, -3, Sky Sentinel
2, 20, -3, Fenthras
3, 20, -3, Fenthras
4, 20, -3, Fenthras
5, 20, -3, Fenthras
6, 20, -3, Fenthras
7, 20, -3, Fenthras
8, 20, -3, Fenthras
1, 20, -2, Sky Sentinel
2, 20, -2, Fenthras
3, 20, -2, Fenthras
4, 20, -2, Fenthras
5, 20, -2, Fenthras
6, 20, -2, Fenthras
7, 20, -2, Fenthras
8, 20, -2, Fenthras
1, 20, -1, Sky Sentinel
2, 20, -1, Fenthras
3, 20, -1, Fenthras
4, 20, -1, Fenthras
5, 20, -1, Fenthras
6, 20, -1, Fenthras
7, 20, -1, Fenthras
8, 20, -1, Fenthras
1, 20, 0, Sky Sentinel
2, 20, 0, Fenthras
3, 20, 0, Fenthras
4, 20, 0, Fenthras
5, 20, 0, Fenthras
6, 20, 0, Fenthras
7, 20, 0, Fenthras
8, 20, 0, Fenthras
1, 20, 1, Sky Sentinel
2, 20, 1, Fenthras
3, 20, 1, Fenthras
4, 20, 1, Fenthras
5, 20, 1, Fenthras
6, 20, 1, Fenthras
7, 20, 1, Fenthras
8, 20, 1, Fenthras
1, 20, 2, Sky Sentinel
2, 20, 2, Fenthras
3, 20, 2, Fenthras
4, 20, 2, Fenthras
5, 20, 2, Fenthras
6, 20, 2, Fenthras
7, 20, 2, Fenthras
8, 20, 2, Fenthras
1, 20, 3, Sky Sentinel
2, 20, 3, Fenthras
3, 20, 3, Fenthras
4, 20, 3, Fenthras
5, 20, 3, Fenthras
6, 20, 3, Fenthras
7, 20, 3, Fenthras
8, 20, 3, Fenthras
1, 20, 4, Sky Sentinel
2, 20, 4, Fenthras
3, 20, 4, Fenthras
4, 20, 4, Fenthras
5, 20, 4, Fenthras
6, 20, 4, Fenthras
7, 20, 4, Fenthras
8, 20, 4, Fenthras
1, 20, 5, Sky Sentinel
2, 20, 5, Fenthras
3, 20, 5, Fenthras
4, 20, 5, Fenthras
5, 20, 5, Fenthras
6, 20, 5, Fenthras
7, 20, 5, Fenthras
8, 20, 5, Fenthras
1, 20, 6, Sky Sentinel
2, 20, 6, Fenthras
3, 20, 6, Fenthras
4, 20, 6, Fenthras
5, 20, 6, Fenthras
6, 20, 6, Fenthras
7, 20, 6, Fenthras
8, 20, 6, Fenthras
1, 20, 7, Sky Sentinel
2, 20, 7, Fenthras
3, 20, 7, Fenthras
4, 20, 7, Fenthras
5, 20, 7, Fenthras
6, 20, 7, Fenthras
7, 20, 7, Fenthras
8, 20, 7, Fenthras
1, 20, 8, Sky Sentinel
2, 20, 8, Fenthras
3, 20, 8, Fenthras
4, 20, 8, Fenthras
5, 20, 8, Fenthras
6, 20, 8, Fenthras
7, 20, 8, Fenthras
8, 20, 8, Fenthras
1, 20, 9, Sky Sentinel
2, 20, 9, Fenthras
3, 20, 9, Fenthras
4, 20, 9, Fenthras
5, 20, 9, Fenthras
6, 20, 9, Fenthras
7, 20, 9, Fenthras
8, 20, 9, Fenthras
1, 20, 10, Sky Sentinel
2, 20, 10, Sky Sentinel
3, 20, 10, Fenthras
4, 20, 10, Fenthras
5, 20, 10, Fenthras
6, 20, 10, Fenthras
7, 20, 10, Fenthras
8, 20, 10, Fenthras
1, 20, 11, Sky Sentinel
2, 20, 11, Sky Sentinel
3, 20, 11, Fenthras
4, 20, 11, Fenthras
5, 20, 11, Fenthras
6, 20, 11, Fenthras
7, 20, 11, Fenthras
8, 20, 11, Fenthras
1, 20, 12, Sky Sentinel
2, 20, 12, Sky Sentinel
3, 20, 12, Fenthras
4, 20, 12, Fenthras
5, 20, 12, Fenthras
6, 20, 12, Fenthras
7, 20, 12, Fenthras
8, 20, 12, Fenthras
1, 20, 13, Sky Sentinel
2, 20, 13, Sky Sentinel
3, 20, 13, Fenthras
4, 20, 13, Fenthras
5, 20, 13, Fenthras
6, 20, 13, Fenthras
7, 20, 13, Fenthras
8, 20, 13, Fenthras
1, 20, 14, Sky Sentinel
2, 20, 14, Sky Sentinel
3, 20, 14, Fenthras
4, 20, 14, Fenthras
5, 20, 14, Fenthras
6, 20, 14, Fenthras
7, 20, 14, Fenthras
8, 20, 14, Fenthras
1, 20, 15, Sky Sentinel
2, 20, 15, Sky Sentinel
3, 20, 15, Fenthras
4, 20, 15, Fenthras
5, 20, 15, Fenthras
6, 20, 15, Fenthras
7, 20, 15, Fenthras
8, 20, 15, Fenthras
1, 20, 16, Sky Sentinel
2, 20, 16, Sky Sentinel
3, 20, 16, Fenthras
4, 20, 16, Fenthras
5, 20, 16, Fenthras
6, 20, 16, Fenthras
7, 20, 16, Fenthras
8, 20, 16, Fenthras
1, 20, 17, Sky Sentinel
2, 20, 17, Sky Sentinel
3, 20, 17, Fenthras
4, 20, 17, Fenthras
5, 20, 17, Fenthras
6, 20, 17, Fenthras
7, 20, 17, Fenthras
8, 20, 17, Fenthras
1, 21, -5, Sky Sentinel
2, 21, -5, Fenthras
3, 21, -5, Fenthras
4, 21, -5, Fenthras
5, 21, -5, Fenthras
6, 21, -5, Fenthras
7, 21, -5, Fenthras
8, 21, -5, Fenthras
1, 21, -4, Sky Sentinel
2, 21, -4, Fenthras
3, 21, -4, Fenthras
4, 21, -4, Fenthras
5, 21, -4, Fenthras
6, 21, -4, Fenthras
7, 21, -4, Fenthras
8, 21, -4, Fenthras
1, 21, -3, Sky Sentinel
2, 21, -3, Fenthras
3, 21, -3, Fenthras
4, 21, -3, Fenthras
5, 21, -3, Fenthras
6, 21, -3, Fenthras
7, 21, -3, Fenthras
8, 21, -3, Fenthras
1, 21, -2, Sky Sentinel
2, 21, -2, Fenthras
3, 21, -2, Fenthras
4, 21, -2, Fenthras
5, 21, -2, Fenthras
6, 21, -2, Fenthras
7, 21, -2, Fenthras
8, 21, -2, Fenthras
1, 21, -1, Sky Sentinel
2, 21, -1, Fenthras
3, 21, -1, Fenthras
4, 21, -1, Fenthras
5, 21, -1, Fenthras
6, 21, -1, Fenthras
7, 21, -1, Fenthras
8, 21, -1, Fenthras
1, 21, 0, Sky Sentinel
2, 21, 0, Fenthras
3, 21, 0, Fenthras
4, 21, 0, Fenthras
5, 21, 0, Fenthras
6, 21, 0, Fenthras
7, 21, 0, Fenthras
8, 21, 0, Fenthras
1, 21, 1, Sky Sentinel
2, 21, 1, Fenthras
3, 21, 1, Fenthras
4, 21, 1, Fenthras
5, 21, 1, Fenthras
6, 21, 1, Fenthras
7, 21, 1, Fenthras
8, 21, 1, Fenthras
1, 21, 2, Sky Sentinel
2, 21, 2, Fenthras
3, 21, 2, Fenthras
4, 21, 2, Fenthras
5, 21, 2, Fenthras
6, 21, 2, Fenthras
7, 21, 2, Fenthras
8, 21, 2, Fenthras
1, 21, 3, Sky Sentinel
2, 21, 3, Fenthras
3, 21, 3, Fenthras
4, 21, 3, Fenthras
5, 21, 3, Fenthras
6, 21, 3, Fenthras
7, 21, 3, Fenthras
8, 21, 3, Fenthras
1, 21, 4, Sky Sentinel
2, 21, 4, Fenthras
3, 21, 4, Fenthras
4, 21, 4, Fenthras
5, 21, 4, Fenthras
6, 21, 4, Fenthras
7, 21, 4, Fenthras
8, 21, 4, Fenthras
1, 21, 5, Sky Sentinel
2, 21, 5, Fenthras
3, 21, 5, Fenthras
4, 21, 5, Fenthras
5, 21, 5, Fenthras
6, 21, 5, Fenthras
7, 21, 5, Fenthras
8, 21, 5, Fenthras
1, 21, 6, Sky Sentinel
2, 21, 6, Fenthras
3, 21, 6, Fenthras
4, 21, 6, Fenthras
5, 21, 6, Fenthras
6, 21, 6, Fenthras
7, 21, 6, Fenthras
8, 21, 6, Fenthras
1, 21, 7, Sky Sentinel
2, 21, 7, Fenthras
3, 21, 7, Fenthras
4, 21, 7, Fenthras
5, 21, 7, Fenthras
6, 21, 7, Fenthras
7, 21, 7, Fenthras
8, 21, 7, Fenthras
1, 21, 8, Sky Sentinel
2, 21, 8, Fenthras
3, 21, 8, Fenthras
4, 21, 8, Fenthras
5, 21, 8, Fenthras
6, 21, 8, Fenthras
7, 21, 8, Fenthras
8, 21, 8, Fenthras
1, 21, 9, Sky Sentinel
2, 21, 9, Fenthras
3, 21, 9, Fenthras
4, 21, 9, Fenthras
5, 21, 9, Fenthras
6, 21, 9, Fenthras
7, 21, 9, Fenthras
8, 21, 9, Fenthras
1, 21, 10, Sky Sentinel
2, 21, 10, Fenthras
3, 21, 10, Fenthras
4, 21, 10, Fenthras
5, 21, 10, Fenthras
6, 21, 10, Fenthras
7, 21, 10, Fenthras
8, 21, 10, Fenthras
1, 21, 11, Sky Sentinel
2, 21, 11, Fenthras
3, 21, 11, Fenthras
4, 21, 11, Fenthras
5, 21, 11, Fenthras
6, 21, 11, Fenthras
7, 21, 11, Fenthras
8, 21, 11, Fenthras
1, 21, 12, Sky Sentinel
2, 21, 12, Sky Sentinel
3, 21, 12, Fenthras
4, 21, 12, Fenthras
5, 21, 12, Fenthras
6, 21, 12, Fenthras
7, 21, 12, Fenthras
8, 21, 12, Fenthras
1, 21, 13, Sky Sentinel
2, 21, 13, Sky Sentinel
3, 21, 13, Fenthras
4, 21, 13, Fenthras
5, 21, 13, Fenthras
6, 21, 13, Fenthras
7, 21, 13, Fenthras
8, 21, 13, Fenthras
1, 21, 14, Sky Sentinel
2, 21, 14, Sky Sentinel
3, 21, 14, Fenthras
4, 21, 14, Fenthras
5, 21, 14, Fenthras
6, 21, 14, Fenthras
7, 21, 14, Fenthras
8, 21, 14, Fenthras
1, 21, 15, Sky Sentinel
2, 21, 15, Sky Sentinel
3, 21, 15, Fenthras
4, 21, 15, Fenthras
5, 21, 15, Fenthras
6, 21, 15, Fenthras
7, 21, 15, Fenthras
8, 21, 15, Fenthras
1, 21, 16, Sky Sentinel
2, 21, 16, Sky Sentinel
3, 21, 16, Fenthras
4, 21, 16, Fenthras
5, 21, 16, Fenthras
6, 21, 16, Fenthras
7, 21, 16, Fenthras
8, 21, 16, Fenthras
1, 21, 17, Sky Sentinel
2, 21, 17, Sky Sentinel
3, 21, 17, Fenthras
4, 21, 17, Fenthras
5, 21, 17, Fenthras
6, 21, 17, Fenthras
7, 21, 17, Fenthras
8, 21, 17, Fenthras
1, 22, -5, Sky Sentinel
2, 22, -5, Fenthras
3, 22, -5, Fenthras
4, 22, -5, Fenthras
5, 22, -5, Fenthras
6, 22, -5, Fenthras
7, 22, -5, Fenthras
8, 22, -5, Fenthras
1, 22, -4, Sky Sentinel
2, 22, -4, Fenthras
3, 22, -4, Fenthras
4, 22, -4, Fenthras
5, 22, -4, Fenthras
6, 22, -4, Fenthras
7, 22, -4, Fenthras
8, 22, -4, Fenthras
1, 22, -3, Sky Sentinel
2, 22, -3, Fenthras
3, 22, -3, Fenthras
4, 22, -3, Fenthras
5, 22, -3, Fenthras
6, 22, -3, Fenthras
7, 22, -3, Fenthras
8, 22, -3, Fenthras
1, 22, -2, Sky Sentinel
2, 22, -2, Fenthras
3, 22, -2, Fenthras
4, 22, -2, Fenthras
5, 22, -2, Fenthras
6, 22, -2, Fenthras
7, 22, -2, Fenthras
8, 22, -2, Fenthras
1, 22, -1, Sky Sentinel
2, 22, -1, Fenthras
3, 22, -1, Fenthras
4, 22, -1, Fenthras
5, 22, -1, Fenthras
6, 22, -1, Fenthras
7, 22, -1, Fenthras
8, 22, -1, Fenthras
1, 22, 0, Sky Sentinel
2, 22, 0, Fenthras
3, 22, 0, Fenthras
4, 22, 0, Fenthras
5, 22, 0, Fenthras
6, 22, 0, Fenthras
7, 22, 0, Fenthras
8, 22, 0, Fenthras
1, 22, 1, Sky Sentinel
2, 22, 1, Fenthras
3, 22, 1, Fenthras
4, 22, 1, Fenthras
5, 22, 1, Fenthras
6, 22, 1, Fenthras
7, 22, 1, Fenthras
8, 22, 1, Fenthras
1, 22, 2, Sky Sentinel
2, 22, 2, Fenthras
3, 22, 2, Fenthras
4, 22, 2, Fenthras
5, 22, 2, Fenthras
6, 22, 2, Fenthras
7, 22, 2, Fenthras
8, 22, 2, Fenthras
1, 22, 3, Sky Sentinel
2, 22, 3, Fenthras
3, 22, 3, Fenthras
4, 22, 3, Fenthras
5, 22, 3, Fenthras
6, 22, 3, Fenthras
7, 22, 3, Fenthras
8, 22, 3, Fenthras
1, 22, 4, Sky Sentinel
2, 22, 4, Fenthras
3, 22, 4, Fenthras
4, 22, 4, Fenthras
5, 22, 4, Fenthras
6, 22, 4, Fenthras
7, 22, 4, Fenthras
8, 22, 4, Fenthras
1, 22, 5, Sky Sentinel
2, 22, 5, Fenthras
3, 22, 5, Fenthras
4, 22, 5, Fenthras
5, 22, 5, Fenthras
6, 22, 5, Fenthras
7, 22, 5, Fenthras
8, 22, 5, Fenthras
1, 22, 6, Sky Sentinel
2, 22, 6, Fenthras
3, 22, 6, Fenthras
4, 22, 6, Fenthras
5, 22, 6, Fenthras
6, 22, 6, Fenthras
7, 22, 6, Fenthras
8, 22, 6, Fenthras
1, 22, 7, Sky Sentinel
2, 22, 7, Fenthras
3, 22, 7, Fenthras
4, 22, 7, Fenthras
5, 22, 7, Fenthras
6, 22, 7, Fenthras
7, 22, 7, Fenthras
8, 22, 7, Fenthras
1, 22, 8, Sky Sentinel
2, 22, 8, Fenthras
3, 22, 8, Fenthras
4, 22, 8, Fenthras
5, 22, 8, Fenthras
6, 22, 8, Fenthras
7, 22, 8, Fenthras
8, 22, 8, Fenthras
1, 22, 9, Sky Sentinel
2, 22, 9, Fenthras
3, 22, 9, Fenthras
4, 22, 9, Fenthras
5, 22, 9, Fenthras
6, 22, 9, Fenthras
7, 22, 9, Fenthras
8, 22, 9, Fenthras
1, 22, 10, Sky Sentinel
2, 22, 10, Fenthras
3, 22, 10, Fenthras
4, 22, 10, Fenthras
5, 22, 10, Fenthras
6, 22, 10, Fenthras
7, 22, 10, Fenthras
8, 22, 10, Fenthras
1, 22, 11, Sky Sentinel
2, 22, 11, Fenthras
3, 22, 11, Fenthras
4, 22, 11, Fenthras
5, 22, 11, Fenthras
6, 22, 11, Fenthras
7, 22, 11, Fenthras
8, 22, 11, Fenthras
1, 22, 12, Sky Sentinel
2, 22, 12, Fenthras
3, 22, 12, Fenthras
4, 22, 12, Fenthras
5, 22, 12, Fenthras
6, 22, 12, Fenthras
7, 22, 12, Fenthras
8, 22, 12, Fenthras
1, 22, 13, Sky Sentinel
2, 22, 13, Sky Sentinel
3, 22, 13, Fenthras
4, 22, 13, Fenthras
5, 22, 13, Fenthras
6, 22, 13, Fenthras
7, 22, 13, Fenthras
8, 22, 13, Fenthras
1, 22, 14, Sky Sentinel
2, 22, 14, Sky Sentinel
3, 22, 14, Fenthras
4, 22, 14, Fenthras
5, 22, 14, Fenthras
6, 22, 14, Fenthras
7, 22, 14, Fenthras
8, 22, 14, Fenthras
1, 22, 15, Sky Sentinel
2, 22, 15, Sky Sentinel
3, 22, 15, Fenthras
4, 22, 15, Fenthras
5, 22, 15, Fenthras
6, 22, 15, Fenthras
7, 22, 15, Fenthras
8, 22, 15, Fenthras
1, 22, 16, Sky Sentinel
2, 22, 16, Sky Sentinel
3, 22, 16, Fenthras
4, 22, 16, Fenthras
5, 22, 16, Fenthras
6, 22, 16, Fenthras
7, 22, 16, Fenthras
8, 22, 16, Fenthras
1, 22, 17, Sky Sentinel
2, 22, 17, Sky Sentinel
3, 22, 17, Fenthras
4, 22, 17, Fenthras
5, 22, 17, Fenthras
6, 22, 17, Fenthras
7, 22, 17, Fenthras
8, 22, 17, Fenthras
1, 23, -5, Sky Sentinel
2, 23, -5, Fenthras
3, 23, -5, Fenthras
4, 23, -5, Fenthras
5, 23, -5, Fenthras
6, 23, -5, Fenthras
7, 23, -5, Fenthras
8, 23, -5, Fenthras
1, 23, -4, Sky Sentinel
2, 23, -4, Fenthras
3, 23, -4, Fenthras
4, 23, -4, Fenthras
5, 23, -4, Fenthras
6, 23, -4, Fenthras
7, 23, -4, Fenthras
8, 23, -4, Fenthras
1, 23, -3, Sky Sentinel
2, 23, -3, Fenthras
3, 23, -3, Fenthras
4, 23, -3, Fenthras
5, 23, -3, Fenthras
6, 23, -3, Fenthras
7, 23, -3, Fenthras
8, 23, -3, Fenthras
1, 23, -2, Sky Sentinel
2, 23, -2, Fenthras
3, 23, -2, Fenthras
4, 23, -2, Fenthras
5, 23, -2, Fenthras
6, 23, -2, Fenthras
7, 23, -2, Fenthras
8, 23, -2, Fenthras
1, 23, -1, Sky Sentinel
2, 23, -1, Fenthras
3, 23, -1, Fenthras
4, 23, -1, Fenthras
5, 23, -1, Fenthras
6, 23, -1, Fenthras
7, 23, -1, Fenthras
8, 23, -1, Fenthras
1, 23, 0, Sky Sentinel
2, 23, 0, Fenthras
3, 23, 0, Fenthras
4, 23, 0, Fenthras
5, 23, 0, Fenthras
6, 23, 0, Fenthras
7, 23, 0, Fenthras
8, 23, 0, Fenthras
1, 23, 1, Sky Sentinel
2, 23, 1, Fenthras
3, 23, 1, Fenthras
4, 23, 1, Fenthras
5, 23, 1, Fenthras
6, 23, 1, Fenthras
7, 23, 1, Fenthras
8, 23, 1, Fenthras
1, 23, 2, Sky Sentinel
2, 23, 2, Fenthras
3, 23, 2, Fenthras
4, 23, 2, Fenthras
5, 23, 2, Fenthras
6, 23, 2, Fenthras
7, 23, 2, Fenthras
8, 23, 2, Fenthras
1, 23, 3, Sky Sentinel
2, 23, 3, Fenthras
3, 23, 3, Fenthras
4, 23, 3, Fenthras
5, 23, 3, Fenthras
6, 23, 3, Fenthras
7, 23, 3, Fenthras
8, 23, 3, Fenthras
1, 23, 4, Sky Sentinel
2, 23, 4, Fenthras
3, 23, 4, Fenthras
4, 23, 4, Fenthras
5, 23, 4, Fenthras
6, 23, 4, Fenthras
7, 23, 4, Fenthras
8, 23, 4, Fenthras
1, 23, 5, Sky Sentinel
2, 23, 5, Fenthras
3, 23, 5, Fenthras
4, 23, 5, Fenthras
5, 23, 5, Fenthras
6, 23, 5, Fenthras
7, 23, 5, Fenthras
8, 23, 5, Fenthras
1, 23, 6, Sky Sentinel
2, 23, 6, Fenthras
3, 23, 6, Fenthras
4, 23, 6, Fenthras
5, 23, 6, Fenthras
6, 23, 6, Fenthras
7, 23, 6, Fenthras
8, 23, 6, Fenthras
1, 23, 7, Sky Sentinel
2, 23, 7, Fenthras
3, 23, 7, Fenthras
4, 23, 7, Fenthras
5, 23, 7, Fenthras
6, 23, 7, Fenthras
7, 23, 7, Fenthras
8, 23, 7, Fenthras
1, 23, 8, Sky Sentinel
2, 23, 8, Fenthras
3, 23, 8, Fenthras
4, 23, 8, Fenthras
5, 23, 8, Fenthras
6, 23, 8, Fenthras
7, 23, 8, Fenthras
8, 23, 8, Fenthras
1, 23, 9, Sky Sentinel
2, 23, 9, Fenthras
3, 23, 9, Fenthras
4, 23, 9, Fenthras
5, 23, 9, Fenthras
6, 23, 9, Fenthras
7, 23, 9, Fenthras
8, 23, 9, Fenthras
1, 23, 10, Sky Sentinel
2, 23, 10, Fenthras
3, 23, 10, Fenthras
4, 23, 10, Fenthras
5, 23, 10, Fenthras
6, 23, 10, Fenthras
7, 23, 10, Fenthras
8, 23, 10, Fenthras
1, 23, 11, Sky Sentinel
2, 23, 11, Fenthras
3, 23, 11, Fenthras
4, 23, 11, Fenthras
5, 23, 11, Fenthras
6, 23, 11, Fenthras
7, 23, 11, Fenthras
8, 23, 11, Fenthras
1, 23, 12, Sky Sentinel
2, 23, 12, Fenthras
3, 23, 12, Fenthras
4, 23, 12, Fenthras
5, 23, 12, Fenthras
6, 23, 12, Fenthras
7, 23, 12, Fenthras
8, 23, 12, Fenthras
1, 23, 13, Sky Sentinel
2, 23, 13, Fenthras
3, 23, 13, Fenthras
4, 23, 13, Fenthras
5, 23, 13, Fenthras
6, 23, 13, Fenthras
7, 23, 13, Fenthras
8, 23, 13, Fenthras
1, 23, 14, Sky Sentinel
2, 23, 14, Sky Sentinel
3, 23, 14, Fenthras
4, 23, 14, Fenthras
5, 23, 14, Fenthras
6, 23, 14, Fenthras
7, 23, 14, Fenthras
8, 23, 14, Fenthras
1, 23, 15, Sky Sentinel
2, 23, 15, Sky Sentinel
3, 23, 15, Fenthras
4, 23, 15, Fenthras
5, 23, 15, Fenthras
6, 23, 15, Fenthras
7, 23, 15, Fenthras
8, 23, 15, Fenthras
1, 23, 16, Sky Sentinel
2, 23, 16, Sky Sentinel
3, 23, 16, Fenthras
4, 23, 16, Fenthras
5, 23, 16, Fenthras
6, 23, 16, Fenthras
7, 23, 16, Fenthras
8, 23, 16, Fenthras
1, 23, 17, Sky Sentinel
2, 23, 17, Sky Sentinel
3, 23, 17, Fenthras
4, 23, 17, Fenthras
5, 23, 17, Fenthras
6, 23, 17, Fenthras
7, 23, 17, Fenthras
8, 23, 17, Fenthras
1, 24, -5, Sky Sentinel
2, 24, -5, Fenthras
3, 24, -5, Fenthras
4, 24, -5, Fenthras
5, 24, -5, Fenthras
6, 24, -5, Fenthras
7, 24, -5, Fenthras
8, 24, -5, Fenthras
1, 24, -4, Sky Sentinel
2, 24, -4, Fenthras
3, 24, -4, Fenthras
4, 24, -4, Fenthras
5, 24, -4, Fenthras
6, 24, -4, Fenthras
7, 24, -4, Fenthras
8, 24, -4, Fenthras
1, 24, -3, Sky Sentinel
2, 24, -3, Fenthras
3, 24, -3, Fenthras
4, 24, -3, Fenthras
5, 24, -3, Fenthras
6, 24, -3, Fenthras
7, 24, -3, Fenthras
8, 24, -3, Fenthras
1, 24, -2, Sky Sentinel
2, 24, -2, Fenthras
3, 24, -2, Fenthras
4, 24, -2, Fenthras
5, 24, -2, Fenthras
6, 24, -2, Fenthras
7, 24, -2, Fenthras
8, 24, -2, Fenthras
1, 24, -1, Sky Sentinel
2, 24, -1, Fenthras
3, 24, -1, Fenthras
4, 24, -1, Fenthras
5, 24, -1, Fenthras
6, 24, -1, Fenthras
7, 24, -1, Fenthras
8, 24, -1, Fenthras
1, 24, 0, Sky Sentinel
2, 24, 0, Fenthras
3, 24, 0, Fenthras
4, 24, 0, Fenthras
5, 24, 0, Fenthras
6, 24, 0, Fenthras
7, 24, 0, Fenthras
8, 24, 0, Fenthras
1, 24, 1, Sky Sentinel
2, 24, 1, Fenthras
3, 24, 1, Fenthras
4, 24, 1, Fenthras
5, 24, 1, Fenthras
6, 24, 1, Fenthras
7, 24, 1, Fenthras
8, 24, 1, Fenthras
1, 24, 2, Sky Sentinel
2, 24, 2, Fenthras
3, 24, 2, Fenthras
4, 24, 2, Fenthras
5, 24, 2, Fenthras
6, 24, 2, Fenthras
7, 24, 2, Fenthras
8, 24, 2, Fenthras
1, 24, 3, Sky Sentinel
2, 24, 3, Fenthras
3, 24, 3, Fenthras
4, 24, 3, Fenthras
5, 24, 3, Fenthras
6, 24, 3, Fenthras
7, 24, 3, Fenthras
8, 24, 3, Fenthras
1, 24, 4, Sky Sentinel
2, 24, 4, Fenthras
3, 24, 4, Fenthras
4, 24, 4, Fenthras
5, 24, 4, Fenthras
6, 24, 4, Fenthras
7, 24, 4, Fenthras
8, 24, 4, Fenthras
1, 24, 5, Sky Sentinel
2, 24, 5, Fenthras
3, 24, 5, Fenthras
4, 24, 5, Fenthras
5, 24, 5, Fenthras
6, 24, 5, Fenthras
7, 24, 5, Fenthras
8, 24, 5, Fenthras
1, 24, 6, Sky Sentinel
2, 24, 6, Fenthras
3, 24, 6, Fenthras
4, 24, 6, Fenthras
5, 24, 6, Fenthras
6, 24, 6, Fenthras
7, 24, 6, Fenthras
8, 24, 6, Fenthras
1, 24, 7, Sky Sentinel
2, 24, 7, Fenthras
3, 24, 7, Fenthras
4, 24, 7, Fenthras
5, 24, 7, Fenthras
6, 24, 7, Fenthras
7, 24, 7, Fenthras
8, 24, 7, Fenthras
1, 24, 8, Sky Sentinel
2, 24, 8, Fenthras
3, 24, 8, Fenthras
4, 24, 8, Fenthras
5, 24, 8, Fenthras
6, 24, 8, Fenthras
7, 24, 8, Fenthras
8, 24, 8, Fenthras
1, 24, 9, Sky Sentinel
2, 24, 9, Fenthras
3, 24, 9, Fenthras
4, 24, 9, Fenthras
5, 24, 9, Fenthras
6, 24, 9, Fenthras
7, 24, 9, Fenthras
8, 24, 9, Fenthras
1, 24, 10, Sky Sentinel
2, 24, 10, Fenthras
3, 24, 10, Fenthras
4, 24, 10, Fenthras
5, 24, 10, Fenthras
6, 24, 10, Fenthras
7, 24, 10, Fenthras
8, 24, 10, Fenthras
1, 24, 11, Sky Sentinel
2, 24, 11, Fenthras
3, 24, 11, Fenthras
4, 24, 11, Fenthras
5, 24, 11, Fenthras
6, 24, 11, Fenthras
7, 24, 11, Fenthras
8, 24, 11, Fenthras
1, 24, 12, Sky Sentinel
2, 24, 12, Fenthras
3, 24, 12, Fenthras
4, 24, 12, Fenthras
5, 24, 12, Fenthras
6, 24, 12, Fenthras
7, 24, 12, Fenthras
8, 24, 12, Fenthras
1, 24, 13, Sky Sentinel
2, 24, 13, Fenthras
3, 24, 13, Fenthras
4, 24, 13, Fenthras
5, 24, 13, Fenthras
6, 24, 13, Fenthras
7, 24, 13, Fenthras
8, 24, 13, Fenthras
1, 24, 14, Sky Sentinel
2, 24, 14, Fenthras
3, 24, 14, Fenthras
4, 24, 14, Fenthras
5, 24, 14, Fenthras
6, 24, 14, Fenthras
7, 24, 14, Fenthras
8, 24, 14, Fenthras
1, 24, 15, Sky Sentinel
2, 24, 15, Fenthras
3, 24, 15, Fenthras
4, 24, 15, Fenthras
5, 24, 15, Fenthras
6, 24, 15, Fenthras
7, 24, 15, Fenthras
8, 24, 15, Fenthras
1, 24, 16, Sky Sentinel
2, 24, 16, Fenthras
3, 24, 16, Fenthras
4, 24, 16, Fenthras
5, 24, 16, Fenthras
6, 24, 16, Fenthras
7, 24, 16, Fenthras
8, 24, 16, Fenthras
1, 24, 17, Sky Sentinel
2, 24, 17, Fenthras
3, 24, 17, Fenthras
4, 24, 17, Fenthras
5, 24, 17, Fenthras
6, 24, 17, Fenthras
7, 24, 17, Fenthras
8, 24, 17, Fenthras
1, 25, -5, Sky Sentinel
2, 25, -5, Fenthras
3, 25, -5, Fenthras
4, 25, -5, Fenthras
5, 25, -5, Fenthras
6, 25, -5, Fenthras
7, 25, -5, Fenthras
8, 25, -5, Fenthras
1, 25, -4, Sky Sentinel
2, 25, -4, Fenthras
3, 25, -4, Fenthras
4, 25, -4, Fenthras
5, 25, -4, Fenthras
6, 25, -4, Fenthras
7, 25, -4, Fenthras
8, 25, -4, Fenthras
1, 25, -3, Sky Sentinel
2, 25, -3, Fenthras
3, 25, -3, Fenthras
4, 25, -3, Fenthras
5, 25, -3, Fenthras
6, 25, -3, Fenthras
7, 25, -3, Fenthras
8, 25, -3, Fenthras
1, 25, -2, Sky Sentinel
2, 25, -2, Fenthras
3, 25, -2, Fenthras
4, 25, -2, Fenthras
5, 25, -2, Fenthras
6, 25, -2, Fenthras
7, 25, -2, Fenthras
8, 25, -2, Fenthras
1, 25, -1, Sky Sentinel
2, 25, -1, Fenthras
3, 25, -1, Fenthras
4, 25, -1, Fenthras
5, 25, -1, Fenthras
6, 25, -1, Fenthras
7, 25, -1, Fenthras
8, 25, -1, Fenthras
1, 25, 0, Sky Sentinel
2, 25, 0, Fenthras
3, 25, 0, Fenthras
4, 25, 0, Fenthras
5, 25, 0, Fenthras
6, 25, 0, Fenthras
7, 25, 0, Fenthras
8, 25, 0, Fenthras
1, 25, 1, Sky Sentinel
2, 25, 1, Fenthras
3, 25, 1, Fenthras
4, 25, 1, Fenthras
5, 25, 1, Fenthras
6, 25, 1, Fenthras
7, 25, 1, Fenthras
8, 25, 1, Fenthras
1, 25, 2, Sky Sentinel
2, 25, 2, Fenthras
3, 25, 2, Fenthras
4, 25, 2, Fenthras
5, 25, 2, Fenthras
6, 25, 2, Fenthras
7, 25, 2, Fenthras
8, 25, 2, Fenthras
1, 25, 3, Sky Sentinel
2, 25, 3, Fenthras
3, 25, 3, Fenthras
4, 25, 3, Fenthras
5, 25, 3, Fenthras
6, 25, 3, Fenthras
7, 25, 3, Fenthras
8, 25, 3, Fenthras
1, 25, 4, Sky Sentinel
2, 25, 4, Fenthras
3, 25, 4, Fenthras
4, 25, 4, Fenthras
5, 25, 4, Fenthras
6, 25, 4, Fenthras
7, 25, 4, Fenthras
8, 25, 4, Fenthras
1, 25, 5, Sky Sentinel
2, 25, 5, Fenthras
3, 25, 5, Fenthras
4, 25, 5, Fenthras
5, 25, 5, Fenthras
6, 25, 5, Fenthras
7, 25, 5, Fenthras
8, 25, 5, Fenthras
1, 25, 6, Sky Sentinel
2, 25, 6, Fenthras
3, 25, 6, Fenthras
4, 25, 6, Fenthras
5, 25, 6, Fenthras
6, 25, 6, Fenthras
7, 25, 6, Fenthras
8, 25, 6, Fenthras
1, 25, 7, Sky Sentinel
2, 25, 7, Fenthras
3, 25, 7, Fenthras
4, 25, 7, Fenthras
5, 25, 7, Fenthras
6, 25, 7, Fenthras
7, 25, 7, Fenthras
8, 25, 7, Fenthras
1, 25, 8, Sky Sentinel
2, 25, 8, Fenthras
3, 25, 8, Fenthras
4, 25, 8, Fenthras
5, 25, 8, Fenthras
6, 25, 8, Fenthras
7, 25, 8, Fenthras
8, 25, 8, Fenthras
1, 25, 9, Sky Sentinel
2, 25, 9, Fenthras
3, 25, 9, Fenthras
4, 25, 9, Fenthras
5, 25, 9, Fenthras
6, 25, 9, Fenthras
7, 25, 9, Fenthras
8, 25, 9, Fenthras
1, 25, 10, Sky Sentinel
2, 25, 10, Fenthras
3, 25, 10, Fenthras
4, 25, 10, Fenthras
5, 25, 10, Fenthras
6, 25, 10, Fenthras
7, 25, 10, Fenthras
8, 25, 10, Fenthras
1, 25, 11, Sky Sentinel
2, 25, 11, Fenthras
3, 25, 11, Fenthras
4, 25, 11, Fenthras
5, 25, 11, Fenthras
6, 25, 11, Fenthras
7, 25, 11, Fenthras
8, 25, 11, Fenthras
1, 25, 12, Sky Sentinel
2, 25, 12, Fenthras
3, 25, 12, Fenthras
4, 25, 12, Fenthras
5, 25, 12, Fenthras
6, 25, 12, Fenthras
7, 25, 12, Fenthras
8, 25, 12, Fenthras
1, 25, 13, Sky Sentinel
2, 25, 13, Fenthras
3, 25, 13, Fenthras
4, 25, 13, Fenthras
5, 25, 13, Fenthras
6, 25, 13, Fenthras
7, 25, 13, Fenthras
8, 25, 13, Fenthras
1, 25, 14, Sky Sentinel
2, 25, 14, Fenthras
3, 25, 14, Fenthras
4, 25, 14, Fenthras
5, 25, 14, Fenthras
6, 25, 14, Fenthras
7, 25, 14, Fenthras
8, 25, 14, Fenthras
1, 25, 15, Sky Sentinel
2, 25, 15, Fenthras
3, 25, 15, Fenthras
4, 25, 15, Fenthras
5, 25, 15, Fenthras
6, 25, 15, Fenthras
7, 25, 15, Fenthras
8, 25, 15, Fenthras
1, 25, 16, Sky Sentinel
2, 25, 16, Fenthras
3, 25, 16, Fenthras
4, 25, 16, Fenthras
5, 25, 16, Fenthras
6, 25, 16, Fenthras
7, 25, 16, Fenthras
8, 25, 16, Fenthras
1, 25, 17, Sky Sentinel
2, 25, 17, Fenthras
3, 25, 17, Fenthras
4, 25, 17, Fenthras
5, 25, 17, Fenthras
6, 25, 17, Fenthras
7, 25, 17, Fenthras
8, 25, 17, Fenthras
